,Sample1,Sample2,Sample3,Sample4,Sample5,Sample6,Sample7,Sample8,Sample9,Sample10,Sample11,Sample12,Sample13,Sample14,Sample15,Sample16,Sample17,Sample18,Sample19,Sample20,Sample21,Sample22,Sample23,Sample24,Sample25,Sample26,Sample27,Sample28,Sample29,Sample30,Sample31,Sample32,Sample33,Sample34,Sample35,Sample36,Sample37,Sample38,Sample39,Sample40,Sample41,Sample42,Sample43,Sample44,Sample45,Sample46,Sample47,Sample48,Sample49,Sample50,Sample51,Sample52,Sample53,Sample54,Sample55,Sample56,Sample57,Sample58,Sample59,Sample60,Sample61,Sample62,Sample63,Sample64,Sample65,Sample66,Sample67,Sample68,Sample69,Sample70,Sample71,Sample72,Sample73,Sample74,Sample75,Sample76,Sample77,Sample78,Sample79,Sample80,Sample81,Sample82,Sample83,Sample84,Sample85
Rpl7,0,0,0,0.046695427,0.063783841,0,0,0,0,0.032232878,0.042981565,0,0,0,0,0,0,0,0.065092484,0,0,0,0,0,0.102776573,0,0,0,0,0,0,0,0,0,0,0.029074613,0.029281044,0.066731873,0,0,0,0,0,0,0,0,0,0,0,0,0,0,0,0,0,0,0,0,0,0,0,0,0,0,0,0,0,0,0,0.033419062,0,0,0,0,0,0,0,0,0,0,0,0,0,0.093443661,0
Col19a1,0.115026932,0,0,0.080117099,0,0,0,0,0,0,0,0,0,0,0,0,0,0,0,0,0,0,0.122819605,0,0.146455019,0,0,0,0,0,0,0,0,0,0,0,0,0,0,0,0,0,0.086756597,0,0,0,0,0,0,0,0,0,0,0,0,0,0,0,0,0,0,0,0,0,0,0,0,0,0,0.057943468,0.105506009,0,0,0,0,0,0,0,0,0,0,0,0,0,0
Fam168b,0,0,0,0,0.099658488,0,0.135758874,0.053109474,0,0,0,0.244178525,0.079035924,0,0,0,0,0,0.133381897,0,0,0,0.090768768,0.072565956,0,0.094041906,0,0,0,0.123596855,0,0.056208648,0,0,0,0,0,0,0.184540962,0,0.104016643,0,0,0.052212128,0.073276133,0,0.046409272,0,0.043232485,0,0.048944433,0.048944433,0,0,0,0.133761741,0.16758494,0,0.07665987,0.066210334,0,0,0.047791977,0,0,0.088607848,0.037314835,0.043455952,0.172079261,0.115926203,0,0.043301262,0.038880443,0,0.111575446,0,0.114361059,0.103820045,0.034704442,0,0.033980383,0,0.211613378,0.030561474,0.07864761
Fam168b,3.111027074,0,0,3.092492836,0,0,3.31780579,3.388718709,2.918626772,3.248451051,0,0,3.335313545,3.3588025,0,0,2.711128191,3.114267636,0,0,0,0,3.9275424,3.50401658,3.804330369,3.010815262,2.769929665,4.022757982,4.216480807,4.655806931,3.432993862,4.338163793,4.042403345,2.390625157,0,3.050608859,3.018111789,0,3.118293908,3.647168708,3.59933927,0,0,0,2.682468214,3.685754807,2.639091468,3.052809633,2.480208097,3.052758221,2.770933188,2.770933188,3.031140495,0,3.183889916,3.407718766,3.353277808,2.567403232,0,2.651818797,0,0,2.621695369,3.356991335,2.615670416,3.114536513,0,3.994615914,0,0,0,0,0,0,2.28871068,3.20931178,2.996130925,3.778647331,3.508807175,3.837557974,2.80465846,2.670887273,0,2.755287306,0
Rpl31,4.960658623,4.777503809,4.956631406,4.531271527,4.701946911,4.922895579,4.462965548,4.488111769,4.81328868,4.402792133,4.316397733,4.448605253,4.425134293,4.474100387,4.067218014,4.145167361,4.588025116,4.845102279,4.791360104,4.914176908,4.974490185,4.639624386,4.677340187,4.276687654,4.387634434,4.632657787,4.4227009,5.090644934,5.101991389,4.553059042,4.8995633,4.640648231,4.324144648,4.350476631,4.367401425,3.972604469,4.319086802,4.961109991,4.204072031,4.511461675,4.582471979,4.918579545,4.393341703,4.377584754,4.797881079,4.340686351,4.281079286,4.285192281,3.831110346,4.285139064,3.587586521,3.587586521,4.453859744,4.367165133,4.859352469,4.868593236,4.744386192,4.153207052,4.231723354,4.441058135,4.664367843,4.643110952,4.413109007,4.292710828,4.309080382,4.259151247,4.19869689,4.391098513,4.035501278,4.860956374,4.944082132,4.726831026,4.225545919,4.385179628,4.369664216,4.11720563,4.315920304,4.138234998,4.828250204,4.57848131,4.307723178,4.432904353,4.095143052,4.152375162,4.165965192
Fhl2,4.491412614,5.379446075,6.340952283,4.599545193,5.409923554,5.626481999,5.35947261,4.661284947,4.657268628,5.020184442,5.033728063,6.323566449,5.388800987,4.142164764,3.52770682,4.391575098,4.241294259,5.577999646,5.459882759,5.299801909,4.649858533,5.031045365,5.40539573,5.850161433,5.679608979,4.783459901,5.378614971,4.578839973,5.263981079,4.960424316,5.075615786,5.388653463,5.323393021,5.013687373,5.71663525,4.756915128,5.453237699,4.67273206,4.882172493,5.014505562,4.464217763,4.572355795,5.234960689,4.894554613,5.328180893,5.334901476,3.93344029,4.922384592,4.885887036,4.922331025,4.336252099,4.336252099,5.44445479,5.143135162,4.679546304,5.559581213,5.31073506,3.918302058,4.964100538,5.013866593,4.535017363,5.319669947,5.130685572,3.928353016,4.928375833,4.128551565,4.372691575,5.287317716,5.20807537,5.250158182,5.611879888,5.075038358,4.806888725,5.799559762,5.471690419,4.721535854,6.412778221,5.544672552,4.195989911,4.939886888,4.931894034,5.763248988,5.043623015,4.333499024,0
Dnah7c,2.334601048,2.272770768,0.810743006,1.641566736,0,1.745896198,1.642392719,1.849583558,1.78815658,1.632103586,2.190683641,0.990621763,1.476264852,2.068499405,2.273455752,1.820473437,2.495275127,1.147284192,1.747327033,1.328513662,1.754664404,0,0,1.417576329,0,2.22516954,1.300134578,2.870771127,0.923988117,1.971821264,0,1.654732982,1.620397328,2.312008948,1.478945213,1.532127548,1.763188485,2.363626923,2.152934595,3.205626112,2.564109086,1.941982722,1.391020431,2.109223879,1.31215949,0,2.338649451,1.132017237,0,1.131980673,0,0,1.155038821,0,0,1.127664696,1.688841811,2.290294883,1.842818436,1.775054889,2.265451776,1.40134033,1.652892881,0,2.595825767,2.275370816,2.614118527,2.235914681,2.319062667,5.864214546,1.190404795,0,2.341887811,1.197849393,1.509655984,2.685310674,0,1.776413332,2.778901495,0,0,1.392018764,2.542307666,0,0.801928329
Sf3b1,0.111708777,0.067195572,0.17767379,0.115437447,0.184118833,0.118096069,0.14496208,0.277980081,0.210591687,0.231532068,0.247529823,0.170710541,0.357687115,0,0.041220732,0.216782858,0,0,0.133324922,0.055479128,0.398720856,0,0.079226534,0,0.073828566,0.178753233,0.281502443,0.055856004,0.234395132,0.248098882,0.121739859,0,0.248768933,0.122941161,0.064769406,0,0,0,0.08178674,0.189286283,0.148242552,0.207745929,0.180477105,0.103535329,0.207692487,0.057391705,0.046898278,0.187113596,0.043343369,0.187104388,0.140693382,0.140693382,0.142490764,0.072416729,0.091607534,0,0.062742081,0,0,0.067420545,0.160567498,0.121246402,0.180575235,0.385364365,0.19557247,0.289203493,0.037648035,0,0.097714744,0,0.106474845,0.043412815,0.038920739,0,0.141427589,0,0.164754952,0,0.120812266,0.19382434,0.226608218,0.075289047,0,0.031015381,0.078619188
Sf3b1,0.977376122,1.019603146,0.914863514,0.973128978,1.342995615,0.835500725,0.432254777,0.696042877,0,1.675987249,0.499773618,0,0,0.900682704,2.44797172,3.113727517,1.974128961,0,0.916312655,0.584340634,1.462366762,2.065382423,0,1.315824171,1.452690463,0,0.930010488,0.63885321,0,0.362347455,0.469134266,0.822999817,0.913111414,0.696876143,0,0.627932715,0.550730244,1.403335568,0,1.342865639,0.991786879,0.427665032,0,1.339711114,0,1.451199436,0.551707342,0,0.618213774,0,0.162041522,0.162041522,1.29627258,0.231920462,0.438756699,0,0.372772206,0.615873272,0.20825724,2.898796522,1.036536047,0,0,1.741372529,0.97526354,0.32930092,1.302775549,0.877139952,0.828944127,0.564663132,0.812451127,0.574232367,1.153653561,0.363677806,0.903907657,1.243197613,0,1.206232294,0.48140413,0.221982202,0.678631974,0,0.779481479,0.788133445,0
Hspd1,1.173882672,3.852034418,1.58668511,1.741357879,4.811493362,2.151767537,4.930049417,0.915325541,7.213563069,0.756781255,4.643460476,4.621460946,0.827892465,1.627571658,4.692324422,3.793151469,1.318804614,7.004002576,1.008080767,4.507957749,1.024121571,0.857289203,0.973163794,1.779090727,1.474343046,1.674155429,2.283139191,1.459851531,1.500959033,1.030222886,2.590397396,1.717581963,2.08435533,1.577603118,1.850946106,0.862043421,1.235209033,2.093231889,1.515440756,2.474013407,4.038318781,1.430744211,4.833813537,3.482088542,2.504756831,3.847245181,1.074240427,6.935277692,3.011510526,6.935223785,4.111056973,4.111056973,4.077132071,3.85371929,1.309029644,4.63354697,2.413790081,4.730892553,4.589148726,4.60233876,5.305306084,4.64224759,1.214363005,1.158656972,0.938843471,1.271411711,3.329985142,1.830015525,3.980920774,0.84627636,2.417122831,4.992051592,1.260244436,5.060960349,1.055396858,0.781588512,5.367752681,1.031421531,1.816209575,1.120381802,3.064458225,4.478453396,4.361794865,1.180713141,4.231320386
Hspd1,4.151731015,4.180239346,3.254976782,4.792433789,3.916532373,4.38190594,3.820699141,4.198681983,4.207514159,4.02072685,3.754321425,3.208416227,3.443466371,4.803728596,4.395698936,3.898902632,4.261129544,3.046823395,4.112056005,3.887555357,4.85573235,4.077785186,4.202175708,3.798908244,4.361465286,4.835259942,3.885823831,4.41796328,4.284265551,4.212064442,3.957157163,4.277274687,4.11978479,3.472060327,3.817387046,4.393301671,3.986643275,4.190079218,4.260601264,4.074072571,4.16218697,3.915649081,3.702691452,4.002651143,3.928228822,3.818749426,3.86274288,3.783271369,3.741948091,3.783218637,3.589478837,3.589478837,3.921243814,4.007979471,4.020098758,3.197611269,3.582265809,3.88314154,3.973012801,3.6496986,4.071046154,3.890566174,4.034424595,4.048062292,3.599121496,4.058847313,4.074362072,3.760967357,3.500964559,3.843948188,3.693235971,3.896974726,3.726604753,3.47168934,3.488225529,4.564189938,3.409298137,4.197874008,4.271151774,4.232262043,3.814968391,3.476960016,4.135130789,4.071708249,2.863152556
Hspe1,0.215168746,0,0,0.116823899,0,0.226040469,0,0,0,0,0,0.172613045,0,0.082357748,0,0.115462879,0.120672166,0,0,0,0,0,0.073692072,0.141125655,0.270836736,0.586161355,0.335310191,0,0.165098987,0.452419891,0.356935239,0,0.298979523,0.124487529,0.241058845,0,0.17490745,0.125124324,0,0,0.103670614,0,0,0,0,0,0,0,0,0,0.097249524,0.097249524,0.144301936,0.141504305,0.255431444,0,0,0,0.115313185,0,0.211231894,0,0,0,0.161171889,0.204253715,0,0.31045118,0,0,0,0.165563292,0,0.10896587,0,0.051507744,0,0.509577243,0.496887281,0.456110609,0,0,0.109123726,0.226808193,0
Bzw1,0,0.658325808,0,0.300915875,0,0,0.163180534,0.116592497,0.14345566,0.060800694,0.155048587,0.130050699,0,0,0.357214012,0.281010794,0.073896071,0,0,0,0,0.062547792,0.189145155,0,0.137323255,0.360744122,0,0.384826299,0,0.367517222,0.126415858,0,0,0,0,0.18873211,0,0,0,0,0.08131614,0,0,0,0,0.084475832,0,0,0.072906232,0,0.072520049,0.072520049,0,0.188968351,0,0,0.085919943,0.126451215,0,0.188826696,0.159841476,0,0,0.128396188,0.071987151,0.255282503,0,0.232408801,0.073881915,0,0,0.132813787,0,0,1.343614005,0.211031629,0.125894612,0.287209094,0.18251884,0.108466329,0.145704298,0,0.341966824,0.230209137,0
Gm20257,4.97869616,2.311683108,1.383708398,1.772055681,1.700394875,1.519568195,1.163408063,5.140268562,2.052430284,1.663265313,1.675237681,1.173365539,1.69172319,2.096556548,2.06134724,2.190684144,2.803443185,1.207165234,2.166916009,1.337360312,2.13879339,1.842631721,1.340219038,1.550254706,1.912579431,2.098679286,1.56587673,1.835587774,2.634884502,1.852280319,2.309018751,2.22964164,2.256596113,5.328663534,1.101415182,1.807315082,1.717543596,2.623213921,5.464451236,1.986824249,2.355174994,1.39888329,1.357140296,2.00191081,1.313050265,1.081310064,1.529418766,0.892033599,1.608919373,0.892001754,1.403820535,1.403820535,4.62342605,1.738917918,1.743803454,1.084633816,1.885773766,1.65811804,0.876955889,1.25444623,1.859286848,1.994804724,1.899242471,4.972001799,2.060422096,4.614283437,2.736463104,1.611295029,1.249212908,4.898947771,1.702337688,1.129576633,3.61059457,5.574421204,1.153037367,2.543166173,0.763568994,1.806211973,1.891872903,1.496987836,2.011157923,1.057418442,2.202780262,1.428847295,0.552189574
Eef1b2,1.025961886,6.045590846,0.569314438,0.393610071,0.696277762,0.745916956,0.91938572,1.050626831,0.759098072,0.87078239,0.812816386,0.430100928,0.299146659,0.570109182,1.509839039,1.576565042,5.525752873,0.173365092,0.944883227,1.001613347,0.287869948,0.782308151,0.262477647,0.240443435,0.798521898,0.943637948,0.414845112,0.346144765,0.318704376,0.485893736,1.262575635,1.115409702,1.125983267,0.33527019,0.392208527,0.212394144,0.485337221,1.16311446,0,5.87835535,0.89747356,0.683322167,0,0.355567392,0.606937227,0.293476979,1.013944581,0.102659535,0.503390945,0.102654271,0.335131694,0.335131694,0.2166573,0.19849755,0.629663474,0.205064278,0.440778914,5.50196467,0.838285089,0.821027955,0.780457753,0.593138407,0.679038904,0.424241694,0.202927701,0.29774447,1.065672089,1.25312818,0.779190655,0.462421657,0.476677452,0.496861331,1.233985666,0.328762496,0.374784578,0.40134427,0.358030451,0.455854564,1.226373005,0.211708827,1.235652606,0.316254104,5.440644317,0.632828377,0.685007573
Igfbp5,0,0,0,0,0.099658488,0,0.135758874,0.053109474,0,0,0,0.244178525,0.079035924,0,0,0,0,0,0.133381897,0,0,0.04263303,0.090768768,0.072565956,0,0.094041906,0,0,0,0.123596855,0,0.056208648,0,0,0,0,0,0,0.184540962,0,0.104016643,0,0,0.052212128,0.073276133,0,0.046409272,0,0.043232485,0,0.048944433,0.048944433,0,0,0,0.194480924,0.16758494,0,0.07665987,0.066210334,0,0,0.047791977,0,0,0.088607848,0.037314835,0.043455952,0.172079261,0.115926203,0,0.043301262,0.038880443,0,0.111575446,0,0.114361059,0.103820045,0.034704442,0,0.033980383,0,0.211613378,0.030561474,0.07864761
Igfbp5,5.525074801,6.264545261,7.046547364,5.611280296,6.464534389,6.652969371,6.644464698,5.820048584,5.995264373,6.212979649,6.024969183,7.041846537,6.758552077,5.508648075,4.772095457,5.462773419,5.376254056,6.719354923,6.589521338,6.457145582,6.095461616,6.197369665,6.480614897,6.922841371,6.770395718,5.960363003,6.457775903,5.990015186,6.442035978,5.960621071,5.687947161,6.511588,6.162567918,5.979764594,6.486885997,5.815096263,6.395985696,5.37187803,5.855984536,6.172600156,5.59647717,5.607426459,6.159975724,5.998992325,6.566380611,6.181871441,5.393055103,6.207596026,5.949177751,6.207542175,5.652378908,5.652378908,6.615517459,6.48238345,6.260661174,7.208907347,6.291268853,5.403747058,6.213649577,6.466637497,5.543075964,6.3477534,6.304980675,5.16229504,6.055865001,5.505735024,5.768488752,6.379319784,6.201943871,6.336612006,6.983975173,6.621423868,5.741842099,6.689342847,6.791820448,5.668508509,7.41919784,6.402294697,5.401116564,5.866912117,5.947101026,6.817477897,5.88474908,6.119651863,7.302990778
Igfbp5,4.241807557,4.277452327,4.91181675,3.577071426,4.523398043,4.808491648,4.137250013,4.269562465,4.181576084,3.694568111,4.715201734,4.757512603,4.081772305,4.122190038,3.952872304,3.741240028,4.078478086,4.617649826,4.248001571,4.654772375,3.594011772,3.526722719,4.397255785,4.434330023,3.933220631,4.200551371,4.071779832,4.466704801,4.585481739,4.723253779,4.278833372,4.569778777,3.458438387,4.480496583,4.574326274,3.106097137,4.900871811,4.071093352,4.270758154,3.856202791,3.99866714,4.014390642,4.363293824,4.206062393,4.757071196,4.486514694,4.211250694,4.414303502,4.27512823,4.414250196,4.027536613,4.027536613,4.463628304,4.218581755,4.260871173,4.508784082,4.397208491,3.968747663,4.09901129,4.487524984,4.320139934,4.085730704,4.126769307,3.635526059,3.968991647,3.594035331,4.267724413,4.505364912,3.98722054,3.847087156,4.167526454,3.730396643,4.628499478,4.686663597,4.206118015,3.901380833,3.631015547,4.341376514,4.535999333,4.390927666,4.294967871,4.917702678,4.555923547,4.402718806,4.40025422
Igfbp5,0.930138661,1.498646116,0.936168462,1.258182021,1.341621319,1.010320362,0.80693162,1.398408139,0.878984621,1.528415098,1.696553605,0.671704201,1.03643333,1.135016049,1.519753827,1.653008504,1.887712549,0.787168847,1.403453805,1.185536677,0.939744933,1.434472971,1.402297757,1.418350233,1.940667898,1.55113236,0.992389706,1.193623786,1.674970911,2.194964169,2.318615739,1.526533282,1.845932134,1.127016499,1.104067862,1.366904392,1.627851459,0.994788273,1.319373408,1.157665154,1.14682828,0.987295179,0.99775152,1.081731788,0.568413819,1.589503843,0.964986509,0.24159515,0.805470218,0.241583569,1.277872798,1.277872798,1.361287896,1.306037609,1.20220485,1.103766593,0.771033063,1.078974686,0.842679674,0.745565518,1.087406722,0.572536969,1.210156442,1.447381473,1.010247177,1.204638968,1.454942614,1.634124338,0.705325401,0.373869939,0.619958551,0.766031992,0.626897079,0.702674145,0.747803394,1.4695849,1.48509401,1.2543842,1.545054547,1.164050316,0.968392834,0.577190347,1.465610053,1.32276449,0.502979878
Cab39,0.84081612,0.815521827,0.239675367,0.412941742,0.704238981,0.232511321,0.135174568,0.623549987,0.503366786,0.531782484,0.701680003,0.711367367,0.3802109,0.725389236,0.918232073,0.955703143,0.8155783,0.40702411,0.573212896,0.442168918,0.342976993,0.113665185,0.766166398,0.711791461,0.776944625,0.935675519,0.546248432,1.002617786,0.552504709,0.38605411,0.831833004,0.534890573,0.628331976,0.493373756,0.503047233,0.311280355,0.579526678,0.548379168,0.728513084,0.771218911,0.880823853,0.589678481,0.243536207,0.14126587,0.278624573,0.711692933,0.337242957,0.174826317,0.441872829,0.174817662,0.19104237,0.19104237,0.583635452,0.76558353,0.470561427,0.095937141,0.308099275,0.476166486,0.350996118,0.627519133,0.895735343,0.54170771,0.60244394,0.513381202,0.432668805,0.507956071,0.956557241,0.917792572,0.452517945,0.307204745,0.202540084,0.401918006,0.286638974,0.146792711,0.192080399,0.836464724,0.628936516,0.846520208,0.93311752,0.52779864,0.64055898,0.361909517,0.670129021,0.759521862,0.107990443
Ncl,4.541230025,5.569746273,5.251957173,5.514216545,4.65622129,5.979341127,5.646416101,4.548772045,5.743875098,5.681762038,5.35301138,5.951505464,4.507847723,5.529819238,4.444156988,4.472700152,5.318413813,4.799303875,4.704351767,5.585554645,4.96810266,5.413344982,5.136179945,5.817567995,4.577580516,4.865719445,5.663860769,4.998717517,4.630094062,4.395462456,4.465784794,4.890884566,4.341346521,4.528326806,4.664915667,4.552663959,4.41278216,4.594030736,4.626302108,4.213772523,5.239660275,4.782706258,5.024140797,5.345244329,4.505110435,4.717910178,4.275391997,4.491456953,5.637723552,4.491403598,4.515076531,4.515076531,4.594191335,5.009876739,4.278370728,5.482390708,4.702863482,4.335675483,4.843628106,5.808750352,4.872973368,5.399120451,4.746413141,5.337750466,5.432007683,5.360729568,5.253319471,4.835836539,5.360060945,5.225760682,5.75748617,4.724871143,4.685424078,5.882637845,4.62005277,4.19893806,4.603943176,4.690738249,4.68734498,5.245075453,5.26705289,4.688112649,4.341451806,4.24881512,5.651437445
Dis3l2,0,0,0,0,0,0,0,0,0,0,0,0,0,0,0,0,0,0,0,0,0,0,0,0,0,0,0,0,0,0,0,0,0,0,0,2.974390444,0,0,0,0,0,0,0,0,0,0,0,0,0,0,0,0,0,0,0,0,0,0,0,0,0,0,0,0,0,0,0,0,0,0,0,0,0,0,0,0,0,0,0,0,0,0,0,0,0
Nucks1,0,0,2.422566261,0,0,0,0,0,0,0,0,0,0,0,0,0,0,0,0,0,0,0,0,0,0,0,0,0,0,0,0,0,0,0,0,0,0,0,0,0,0,0,0,0,0,0,0,0,0,0,0,0,0,0,0,0,0,0,0,0,0,0,0,0,0,0,0,0,0,0,0,0,0,0,0,0,0,0,0,0,0,0,0,0,0
Nucks1,3.496722574,3.7399741,3.891506396,3.38961466,3.647621408,3.934209298,3.508672474,3.308011159,3.475126483,3.339742127,3.403538217,3.640154472,3.332174087,3.351160313,3.263647305,3.528574541,3.154426692,3.730555745,3.168236294,3.503882897,3.211498461,3.000138714,3.723859444,4.056356424,3.670247169,3.526026517,3.816639729,3.665185532,3.973553646,3.547902295,3.517632183,3.83538425,3.172471706,3.650447709,3.501603822,2.871528205,3.439669599,3.336012296,3.540656102,3.300804905,3.150309241,3.392931497,3.664093111,3.333518209,3.388972432,3.360983915,3.162200767,3.460617373,3.302169588,3.460565108,3.163800045,3.163800045,3.603518783,3.426764165,3.056733741,3.47973801,3.214216065,3.046029903,3.395325622,3.632058568,3.331195496,3.558420213,3.41266642,3.101565323,3.515443724,3.067446656,3.421828658,3.845994075,3.23944565,3.258802263,3.472768334,3.332091497,3.417293744,3.792739142,3.516765614,3.036664522,3.736862494,3.562227375,3.242221374,3.499579301,3.436723049,3.91265213,3.303985726,3.414239336,3.495065346
Nucks1,4.711272176,4.560262096,4.539750465,5.200856073,5.51580399,5.250094521,5.096173331,5.410368273,5.340235872,5.907357996,0,3.247955867,0,0,5.024419503,5.455951031,3.51374513,2.860946167,5.09017538,4.923359844,4.979645442,5.643531173,3.592451868,0,0,4.76294411,4.751326338,4.795359194,4.936303372,4.928831602,4.161424195,4.299891664,4.642603857,3.988925104,0,4.084934489,4.267475143,5.425498543,4.951631525,4.788928582,5.104915224,5.247733903,4.701459637,5.088890167,4.817154824,5.019668137,4.000718529,4.015406482,5.159196629,4.015353496,4.918828872,4.918828872,4.66724393,4.627369066,4.725387754,4.627692588,5.251606461,5.10104077,4.928644371,4.194008624,4.768186596,5.115015499,5.262970192,0,0,0,4.614361723,4.598545828,3.862081157,3.42322328,0,3.783777706,4.594096197,4.409338739,4.370500637,4.235433413,3.366246569,4.558884373,5.078967892,5.08291199,4.627332196,4.33007033,5.005881872,3.670819414,2.652011719
Elf3,7.125884157,6.323406679,6.452689797,7.065128026,7.289002499,6.955969827,0,6.480492201,6.473224195,6.999401823,0,0,5.720938809,6.325002334,5.300572632,6.596308425,5.504083892,4.63923669,0,0,0,7.325008241,6.075558322,6.074200044,6.077746973,6.466143836,6.487399801,0,6.566488406,6.588705862,7.32662913,7.560327685,7.711190576,6.356450354,5.552320052,6.402612848,6.840075292,7.200796086,6.778294546,6.510745722,6.9242822,7.088927492,0,6.701573221,0,6.663419617,0,0,6.032996737,0,5.808585148,5.808585148,6.464246237,6.535027494,6.384245597,6.291776871,0,6.034187442,0,5.07152287,6.745985368,7.110945659,0,6.941942355,6.998112585,6.455758608,6.214436588,6.173609873,5.531499078,6.075012683,0,6.377735494,6.129129306,5.899870646,5.83976878,6.265133097,5.662366832,6.790159951,6.312868418,6.308595875,6.21278803,5.900771844,6.50118348,6.873669784,5.769943181
Ivns1abp,3.842323347,3.826676206,3.642184853,3.883300803,3.943366245,3.664008236,3.766522479,3.829701876,3.992515378,4.05170142,3.715662578,3.673840457,3.95816086,3.943098765,3.739017681,3.539451474,3.539553693,3.389469644,3.971160952,3.932811509,3.946445162,3.658026978,3.765119993,3.216757978,3.538213443,3.847961447,3.906681415,3.867370465,3.575869455,3.53415499,3.855422882,4.014031208,3.695125077,3.983432256,3.25152715,3.577652917,3.562099402,3.702937837,3.916835462,3.836159742,3.767678702,4.00692767,3.979960559,3.930171265,3.422798213,3.71544391,3.632188595,3.470641358,3.500548986,3.470589077,3.512952384,3.512952384,3.775211007,4.041082195,3.749376649,3.817195051,3.516457253,3.487953234,3.470907779,3.615659876,3.675380918,4.038428015,3.70189488,3.85508823,3.794796079,3.690515928,3.981089316,3.326556274,3.705022832,3.809672087,3.481353868,3.407660217,4.062354447,3.78128157,3.390203625,3.575676873,3.15290071,3.613562892,3.855951103,3.645176179,3.545433391,3.468668483,3.88729339,3.598282381,3.39184587
Dhx9,4.18938671,3.912959987,3.728059995,3.785889354,6.017494397,3.899226824,3.749755024,3.895522237,3.800991927,3.956230816,3.837953127,3.29370668,3.63479196,3.995246153,3.874110066,3.772146501,4.045294956,3.741753328,3.742024009,3.586590431,3.695886432,3.708436837,3.846704168,3.614991601,3.723787475,3.651327614,3.609370559,4.11832632,3.887284917,3.749787863,3.861275862,3.946504342,3.851903836,3.860793938,3.4639271,3.530544849,3.6716359,3.916609771,4.002494487,3.607762737,3.692320897,3.936348978,3.792517114,3.685297816,3.539615365,3.666995624,3.785686246,3.586565924,3.896233221,3.586513459,3.718945785,3.718945785,3.774128928,3.98938844,3.695445239,3.519095085,3.941165308,4.033213885,3.571615897,3.846307853,3.930112842,3.772705109,3.84650285,3.978259868,3.864011946,3.757142641,3.724765386,3.726516274,3.454618389,3.899701291,3.633012426,3.834509006,4.118524026,3.882325836,3.787780758,3.832432089,3.431709912,3.82354728,3.962074079,3.815888213,3.877524745,3.574708571,3.860435002,3.959247019,3.340795029
Dhx9,0.254555003,0,1.010148478,0.262058212,0.158097887,0.412902206,0.70179518,0.516399408,0.891842602,0.48050288,0.377436641,0.375423974,0.517363414,0.440739227,0.128616972,0.094120781,0.216563735,0.462879685,0.328356901,0.382188201,0.693356877,0.353375288,0.219786713,0,0.5604296,0.778322019,0.913681386,0.248483472,0.950623066,0.744425906,0.066597414,0.6050677,0.383013604,0.101481254,0.791016119,0.998821661,0.379036327,0.278764414,0.444430373,0,0.30043505,0.17247695,0.358507623,0.587576673,0.223920534,0.253991232,0.272549379,0.696907204,0.308900599,0.696880123,0,0,0.223235432,0.219191418,0.391445143,0.111527472,0.424438582,0.442297771,0.734254397,0.107580657,0.250224817,0.667119468,0.458170043,0.377757949,0.533496091,0.604736679,0.223489384,0.468560278,0.609095408,0.685568223,0.675938711,0.545248578,0.37441039,0.606675699,0.403240793,0.354821131,0.777010042,0.18275309,0.710817893,0.544152557,0.589258647,0.324656216,0.390133523,0.233588608,0.125523829
Dhx9,5.422055114,4.389722122,4.446631439,4.919665093,4.60209532,5.248819492,5.147170612,3.73602809,5.467677111,6.026998648,4.993004475,4.213355596,4.93490261,5.495829705,4.732544925,5.116895118,3.490745663,3.253503872,5.580721281,5.279481196,5.470563245,5.172407211,4.885346504,3.59768874,4.667332065,5.424938524,5.380732947,5.879319699,5.717643646,5.920670183,5.375039524,5.308511691,5.522191744,5.573391394,4.6793082,5.553821906,5.778428503,5.787185245,5.415822087,5.290867145,5.564002569,5.106344798,4.663919522,5.469683636,5.052899786,5.281458873,4.634529527,4.266176883,3.726048157,4.266123681,4.817944235,4.817944235,5.037479533,4.203033666,3.458136445,5.03357499,5.661863102,4.759639043,4.617483208,4.033320392,4.510079834,4.871978767,4.98415698,5.711424167,5.616388355,4.250180371,4.857915428,4.724938112,4.143483179,3.110054976,3.143163343,3.484049062,4.038993311,4.725430442,4.676823384,4.21454146,3.259926558,4.33760603,4.840892202,4.75702777,5.335153053,4.791498028,4.747077723,3.578676001,3.029862879
Dhx9,4.142930846,3.902976651,3.909441041,4.391453186,4.436250824,4.236965321,4.227633411,4.402344301,4.241039637,4.713173947,3.458277203,3.032459687,2.977246491,3.769194552,4.062464579,4.368068388,3.851578203,3.30745265,4.686466546,4.4701455,4.061852795,5.291273183,3.6785786,3.906284323,3.240998107,3.904301512,4.378896048,4.018832945,3.972020004,4.073573261,4.17821248,3.84109019,4.040352434,3.308160898,3.431579538,3.37566936,3.587126074,4.496510784,4.142758865,3.968987693,4.734857172,4.359290799,3.943285264,4.073089851,3.785804494,4.010875293,4.040482466,3.51122005,4.631985592,3.511167701,3.987061072,3.987061072,4.389870732,4.666623528,3.886441892,3.652720336,4.190306984,4.005019753,4.192659118,3.3582424,4.549291663,4.415523481,4.968751055,3.821668178,3.701706839,4.52841629,3.829213715,3.783369347,3.605227963,3.568121147,3.293836958,4.369469139,4.427269571,3.626126047,3.627738018,4.207003509,3.39491385,3.941549221,4.603312568,4.583994814,3.906625384,3.54113947,3.994356959,3.825443639,3.424780582
Dhx9,2.987088076,1.28704541,1.214039486,2.910736922,2.835341118,2.898084728,2.039905778,2.446173487,4.722191352,2.907660797,2.037690651,0,0,2.769354448,1.769459341,2.575683605,2.299531426,0,3.059725754,0,2.860464277,3.159407604,1.102789772,3.665750473,0.973429522,3.436087521,1.024938537,0.856488667,0,0.704318981,3.090292115,3.717198531,0,3.761724179,0,0,3.384333517,1.301517765,1.232355052,3.684441746,3.338366845,3.239237842,3.333560708,3.090347912,1.016155958,0.832229076,2.877223224,0,2.971712673,0,0.843463316,0.843463316,0,0.962483594,2.53636014,0,1.085986044,0.933041193,3.623961715,3.552015775,1.296236139,3.056952286,0.858299495,2.763294178,3.407924202,0,3.070807899,1.103060243,3.285121293,0.754484389,3.603402811,0,2.75717829,1.03014978,5.025186467,2.483305222,0,2.640431711,2.692946364,0,2.865459486,0,2.65413194,2.884861067,3.612505608
Glul,5.207414667,5.134495034,5.463737889,5.304503442,4.849871024,5.255093711,5.262726207,5.265232104,5.503444332,5.127389921,5.16951274,5.130735461,5.297682472,5.017183332,4.936875623,4.931155533,5.092122492,5.32299244,5.108777588,5.357357261,5.549331421,5.176259645,4.948565253,5.107948304,4.829418678,5.130470665,5.401023689,5.27424126,5.387843501,5.236579776,5.504855607,5.455876953,5.420158906,5.123554769,5.387329426,5.335186196,5.180666586,4.963130662,4.906857682,4.993923024,5.018822924,4.971019824,5.024507924,5.165545812,4.788887653,4.9519497,4.711596101,4.84559804,4.833505907,4.845544505,4.615147912,4.615147912,5.066768677,5.029698023,5.019777454,5.276485899,4.899523056,4.728613561,4.973948891,4.92318176,4.882590057,5.060013081,5.059746567,4.881395586,5.023212398,5.120889657,4.779985798,5.15768893,5.308345681,4.904480318,4.905021125,5.177140902,4.69714807,5.227456497,5.270709112,5.038855617,4.726211375,5.044567355,4.902431214,5.320597839,4.978434711,5.132529017,4.827793723,5.234771673,5.161345941
Prrc2c,0.100188542,0.221295015,0,0.212572558,0.13111331,0.155381292,0.088950039,0.159642362,0.258960932,0.13999371,0.048952918,0.027350401,0.071613725,0.049406769,0.095634681,0.052708153,0.049615018,0.102109032,0.192225872,0.171357707,0.245258548,0.499528005,0.095239626,0.063970419,0.107885097,0.298960151,0.581926312,0.112777658,0.07539483,0.1547402,0.288749428,0.32304584,0.111569002,0.127767865,0.038931502,0.115188339,0.177673239,0.160903296,0.096115257,0.074543079,0.249293638,0.08782051,0.093476092,0.093196668,0.12893612,0.116168357,0.108376277,0,0.051358157,0,0.058201624,0.058201624,0.128155138,0.106055042,0.121062559,0,0.126551331,0.056199861,0.069531783,0.080006717,0.098700265,0.05586972,0.084765171,0.080132856,0.050202735,0.072189603,0.076959826,0.077475811,0.073546781,0.049668831,0.214159275,0.147004498,0,0.033175285,0.029666994,0.196792788,0.026183101,0.217157469,0.172194794,0,0.163432287,0.227672751,0.097694066,0.148201162,0.197859805
Prrc2c,7.151983912,6.004557966,4.946431316,5.876760421,5.885126203,5.125399157,4.983015409,5.884617783,5.711684506,5.639383953,5.945021538,5.064722854,5.740563536,6.296626884,6.039003879,5.655856205,5.975218971,4.938911041,5.792328596,5.42148349,5.636753485,5.577256286,5.892597879,4.973989225,5.822839783,5.944002131,5.446749635,6.054298517,5.352530359,5.750112039,6.196010256,5.271361299,5.508785886,6.173660995,5.353578385,5.929110917,6.062049557,6.33495441,6.025045319,6.024680309,6.31209743,5.964346007,5.141986347,5.832358877,5.269879285,5.505647679,6.176917452,5.102680568,5.794106554,5.102626937,6.078300764,6.078300764,5.230832574,5.69444705,5.973533896,5.23480404,5.667013447,5.856994315,5.554956436,5.122526684,6.265157386,5.516807742,5.985262943,6.030791035,5.65418236,6.095997648,6.348750503,5.683499065,5.390292208,5.869851486,5.451414725,5.503120938,6.115343874,5.086835466,5.436050618,6.144471884,4.65285802,5.752033233,6.32906972,6.114669909,6.08908046,5.208816515,6.209732652,5.971002957,4.84491569
Pbx1,3.040517799,2.684969123,2.142872968,2.814198487,2.874500478,2.611325769,2.434195023,3.261536214,3.041234607,3.006259621,3.005239741,2.202015779,2.611946036,3.071530084,3.228907661,2.989169894,3.060860776,2.475302307,2.862217286,2.433549034,2.75191229,2.822300516,2.735243205,2.451198323,2.705157509,2.958078189,2.925099644,2.975169314,2.57989335,2.967427316,2.73653606,2.868429871,2.969651463,3.049884306,2.724028089,3.288308415,2.987045893,2.99340854,2.975448957,2.683402133,3.144316524,3.063114537,2.638639697,2.802987069,2.358618929,2.577020105,2.988199086,2.720368766,2.875589002,2.72031836,2.836353047,2.836353047,2.388087889,2.3842633,2.824311435,2.298200435,2.773380038,3.069651494,2.930443693,2.870647315,2.866890239,2.654303006,2.945189915,3.092984011,3.072455433,3.194672398,2.936569645,2.465351354,2.617433477,3.083698396,2.891805247,2.793992294,2.990599179,2.538212796,2.704049422,3.171734424,1.964049481,2.832177748,2.851673695,2.809888772,3.124344518,2.347545566,2.928904354,2.893212503,2.438508846
Hnrnpu,0.644207062,0.982531303,0.132611605,0.890369587,0.815236488,0.466543928,0.265105456,1.077226527,0.545588244,0.551454821,1.153021274,0.06569265,0.058830529,0.657341818,1.270159442,0.916865186,1.056205641,0.084104006,0.962997738,0.459065796,0.560043836,0.783783152,1.066662841,0.808346285,0.289035229,0.578913519,0.95899905,0.537352491,0.533699015,0.784032283,0.723775395,0.703414765,0.375517127,0.969863505,0.218066452,0.93710224,0.520170836,0.898252494,0.591209503,0.627651045,0.35485642,1.267126371,0.455114624,0.540420482,0.290330604,0.549611639,0.610176175,0.139839676,0.950201763,0.139832635,0.312745961,0.312745961,0.478847065,0.537826705,0.350671036,0.100327206,0.285588612,0.706857113,0.234626356,0.676781979,0.772658531,0.284285892,0.472751019,0.774321997,1.053584314,0.502084856,0.513834656,0.259063379,0.202532991,1.359670365,0.907760486,0.373536396,1.266195482,0.316360443,0.624645643,1.147592396,0.063150777,0.515497343,0.653440162,0.347806233,0.969210964,0.107948137,0.993641899,0.524587583,0.213867756
Hnrnpu,1.954127428,1.671193442,1.38704339,1.951721284,1.834538055,1.893833998,1.899672706,2.08176334,1.469669836,2.196522426,2.109256995,1.906584094,2.746015715,2.03882443,2.282783221,2.44333969,1.960269461,2.060162535,1.862528122,0.965061634,1.598608696,1.803224832,1.911107933,1.392962857,2.076865913,2.084731398,2.083401379,2.161665231,2.288454036,2.473593073,2.296378853,2.212822593,2.847795287,1.954904203,1.015289757,2.2442244,1.448275857,2.798149491,2.357451969,2.131458213,2.008718976,1.838670976,2.120098001,2.041799855,1.038077445,1.535474654,2.313525699,2.593590016,1.774484838,2.59354009,2.356855395,2.356855395,2.389614804,2.026611453,1.692577403,1.407965423,1.512661724,1.863091453,1.862383679,1.727920437,1.834724181,1.511785161,1.943703853,2.180074934,2.036362783,2.214585474,1.613287575,2.023869103,2.120127493,1.763433023,1.600166524,1.731192591,1.809583312,1.411747369,1.966339939,2.222211806,2.007715953,1.674355043,1.843587095,1.872813745,2.213086951,2.277578519,1.977576376,2.024163128,2.057235426
H3f3a,0,0,0,0,0,0,0,0,0.039980929,0,0,0,0,0,0,0,0,0,0,0,0,0,0,0,0,0,0,0,0,0,0,0,0,0,0,0,0,0,0,0,0,0,0,0,0,0,0,0,0,0,0,0,0,0,0,0,0,0,0,0,0,0,0,0,0,0,0,0,0,0,0,0,0,0,0,0,0,0,0,0,0,0,0,0,0
Vim,0,0.163293899,0,0.050767424,0,0,0,0.248749988,0.095024767,0.133733964,0.134034667,0,0.068320059,0.12530603,0,0.050241071,0.240281965,0,0.149969039,0,0.040865202,0.07076813,0,0,0.330168351,0.189042747,0,0.43017292,0.072204922,0,0,0,0,0,0,0.031308979,0.039071836,0,0,0,0.203992382,0.093760293,0,0,0,0,0,0,0.072684045,0,0,0,0,0,0,0,0.05364565,0.254290399,0,0.057702323,0.180384764,0,0.118991854,0.097453672,0,0.112370823,0.353866167,0.037618308,0.042747968,0.035860527,0,0,0.033213304,0,0,0,0,0,0.284412299,0,0.305912206,0,0.218130113,0.411875732,0.067278077
Vim,4.192371871,4.788659278,5.202365294,4.141951907,4.524644094,5.169853777,5.026030436,4.23874852,4.490033415,4.637626457,4.728412497,5.337690189,4.191802028,4.381776992,4.126485417,4.392893483,3.992513107,4.905375618,4.279404032,5.255063006,4.505900733,4.210441595,4.643688815,4.997632453,4.491382114,4.443878758,4.534159156,4.419500809,4.540774058,4.234246818,3.984358985,5.009218174,4.025317167,4.769619045,4.889144911,3.871707265,4.601360866,3.938304976,4.739450406,3.938093268,4.19903448,4.190946978,4.991698809,3.890333602,4.476177051,4.385739955,4.136758253,4.878763597,4.58784718,4.878710048,3.922821336,3.922821336,4.938393032,4.311343869,4.534749159,4.907638803,4.674551662,3.918463379,4.552035497,4.8926676,3.985765942,4.157393936,4.278044468,3.772907962,4.217548923,3.626664474,4.124604195,4.150210066,4.422354233,4.72389541,4.932558645,4.511282847,4.321904109,4.912800765,4.612955032,4.123079634,5.194971675,4.494707501,4.297724849,4.567780611,4.360823826,4.854728773,4.297865752,4.065901072,4.48267058
Set,3.34544811,2.951516687,2.656321709,3.337307303,3.023257065,2.657709315,2.703795525,3.219300278,3.117960652,2.936315503,2.913238084,2.374176152,3.000972432,3.170235279,3.199552465,3.057415053,3.321421893,2.115052077,3.085003804,2.83293738,3.234991326,3.12488983,3.227567672,2.438995917,2.979882545,3.2620856,3.221467022,3.498221428,2.796610188,3.129477335,3.322960123,2.86600352,3.116037532,2.960800522,2.568376671,3.05882518,3.103017573,3.227094443,2.756168454,2.875488672,3.123058006,2.950747354,2.45532202,3.084002477,2.733836359,2.954655638,3.163329405,2.412277428,2.87024316,2.412228304,2.973276078,2.973276078,2.724550043,2.847035066,3.049175731,2.738853682,2.975098434,3.102624416,2.66859476,2.350390474,3.03909791,2.960862272,3.024990608,3.274396735,2.901179242,2.985864683,3.251473414,2.829270772,2.471821363,2.931155209,2.533959068,2.936733479,2.930009347,2.462841706,2.666280538,3.150523169,2.152309861,3.07064535,3.343778498,3.173481693,3.29338985,2.405068178,3.138034046,3.308904569,2.254197417
Nnat,3.977951969,3.89497681,4.036477502,4.447613449,3.807963523,4.145833948,4.233790321,4.308108335,4.219263469,4.428158502,4.128950675,4.272379202,4.863670035,4.254978803,3.806713004,4.058218381,4.183347876,4.314145186,3.899796924,3.957342836,4.170494552,3.793239061,4.161372122,4.045745899,4.53343517,4.008213497,4.58218894,4.041048792,4.417978469,4.387106858,3.867808101,4.581213733,4.322611329,3.746643398,4.146283246,4.629552415,4.265618912,4.257202037,4.818049351,4.792729863,4.531142231,3.989471075,4.347663603,3.926290098,4.128953748,4.372484759,4.072343524,4.435261346,4.114801497,4.435208026,4.414549685,4.414549685,4.369538009,4.285452192,4.210794281,4.279617819,4.163219761,3.809212111,4.193177386,3.8271826,3.807896351,4.074519131,4.286655863,4.038250641,4.11557386,4.100482388,3.414527988,4.087256662,3.906209759,3.743070608,4.044719085,3.823464744,3.963312225,3.922864243,3.874490385,3.970320816,3.814894247,4.221424609,3.958384751,4.606002593,4.017034755,4.561714381,3.890349144,3.994557675,3.991783709
Srsf6,5.243103566,5.209484649,5.810859361,5.419668236,5.645123555,5.804406185,6.092111197,5.449490527,5.894133551,6.203099197,5.616689236,6.604652004,5.599528936,5.281957759,5.091095769,5.657397087,5.214900142,6.268857428,5.666658754,6.052637548,5.889091616,6.280499822,5.184832824,5.82017202,5.362040633,4.96779242,5.541015867,5.178926916,5.897743212,5.327229813,5.125601142,5.741533969,5.900935955,5.506307554,6.01888741,5.598062816,5.520781463,5.511909393,5.832644966,5.646893685,5.390335531,5.66021034,5.842388745,5.597706579,6.247200503,5.816577863,5.333189283,6.124016667,5.640245809,6.123962825,5.570345539,5.570345539,5.815095262,5.628081264,5.33674174,6.049444639,5.944123875,5.468051805,5.979463726,5.938953511,5.174479011,5.901989136,5.509337879,5.287967949,5.77353029,5.335794465,5.077589293,5.524646645,5.882371357,5.741482614,5.914753746,6.041134651,5.483318054,5.875063141,5.897862969,5.043542245,6.776186441,5.571542887,5.259578203,5.745867151,5.303393071,6.058605539,5.288147867,5.258001206,6.317057881
Gnas,2.293741664,1.470553562,0.834297907,1.90833379,2.043841164,1.596702314,1.667637767,1.915734108,1.578926656,2.085574995,2.386522426,1.750758487,1.061591779,2.089571307,2.437623722,2.073765723,1.913673128,1.072969641,2.771416801,2.023673168,2.709028398,2.674153051,2.323787313,1.708672189,1.985254064,1.543416656,0.648996847,2.259620242,1.02036995,1.716639383,2.956437774,2.217428344,2.471195085,2.419029731,1.093756015,1.762906108,1.907510216,2.108813501,1.828530596,2.347153673,2.370510755,1.744592023,0.757101077,1.735570523,1.227843072,1.973492044,2.281835602,1.08786982,2.166687395,1.087834041,2.248170983,2.248170983,1.268581458,1.864244085,1.980589371,0.615636387,1.633989689,1.96960829,0.616696019,1.533323713,2.124848065,1.70976378,2.402800324,2.17950717,1.237288454,1.743839182,2.280887123,1.340066702,1.121383117,1.254803772,0.868834085,1.725446982,2.356746663,1.36819631,2.18726471,2.277809054,2.091914022,2.404730614,2.512168627,1.402473666,2.623552434,0.842501182,2.420463502,2.190633004,1.166866235
Hist2h4,2.323457726,1.062232925,0,0.995168859,1.576774053,0.933831838,1.598431643,0.291497211,0.696964302,0.898335432,1.320623987,0.929787612,0,1.704801941,4.130391855,4.612863192,1.047419343,0,1.648675057,0.950501137,0,1.550862042,0,0,1.654167606,0.841520369,0.388956063,1.084998808,2.317426938,2.150754742,0,0.411282154,1.855046355,1.154721824,0,0.494044656,0.964892123,2.037143885,1.833988029,2.007392882,1.759264372,0.695354598,0,1.052584536,0,1.080870645,1.608096791,0,1.50212411,0,1.342980235,1.342980235,0,0,0.897105176,0,0.937851355,1.881242768,0.865774554,1.504872101,2.281221216,1.77554134,0,2.004141897,0.469925908,0.901330201,1.538736186,0,1.819132271,1.616520683,0,1.544471347,1.971034926,0,1.303024884,1.287977049,0,1.365786791,1.786782486,0.635736679,0,0,2.07549119,1.4459975,0
Scarna2,2.37219029,2.475192566,2.830858863,1.381981895,2.84263817,3.1883399,3.466001589,1.767862928,2.30036706,1.67995226,2.794773738,3.313592189,2.303890133,2.313053792,1.484844744,1.495945597,1.560669856,3.091015449,2.826305954,2.701722722,2.750142764,2.49170617,2.75505291,2.441616272,3.242715868,2.667185089,2.664163023,2.061946117,3.045518436,2.352258153,1.817100301,2.829428117,2.413376109,2.947976365,3.710665559,1.827426584,3.204003287,2.029234405,2.726245532,2.992605894,2.355956749,2.250976947,3.134250909,2.438352587,2.521410696,2.946986572,2.571876678,3.052880676,2.85516286,3.052829265,2.985809365,2.985809365,3.01565268,3.538027489,2.418014759,2.698928889,2.84270961,2.516448073,3.207978763,3.136272643,2.568441299,3.549925324,3.121002766,1.452992704,1.78135338,1.444420698,1.9526259,2.617524718,1.914950967,2.153299,2.610103588,3.094880778,2.065582536,3.304521397,2.911617331,2.226620361,2.442083444,2.890207032,2.651785421,3.255590952,2.23851658,2.157216684,2.526299715,1.98467755,3.246208701
Mest,5.363532245,5.370004045,5.47563022,5.530543961,5.38263592,5.528940683,5.434040862,5.510445809,5.583859637,5.573741428,5.466349889,5.704791945,5.688249421,5.436558156,5.356099902,5.427083827,5.344953241,5.698092124,5.692325532,5.767149931,5.687667605,5.669364959,5.399424227,5.367226575,5.558759249,5.363723452,5.751821355,5.215750596,5.516119796,5.490396608,5.140276303,5.691350138,5.346187828,5.361040607,5.577225319,5.659169101,5.737130212,5.499771473,5.821701262,5.501834156,5.557744954,5.2958336,5.582140628,5.433751021,5.408399691,5.324263892,5.263776379,5.684561311,5.341509797,5.684507535,5.38223864,5.38223864,5.542347843,5.540159082,5.355266269,5.646161767,5.558830735,5.380948851,5.607591521,5.321798292,5.312840109,5.595050677,5.64163845,5.287325711,5.513781533,5.47884098,5.247817221,5.406122337,5.503147712,5.55064956,5.353527451,5.4051794,5.152324163,5.448259806,5.430950314,5.302312596,5.380256553,5.378071074,5.464806832,5.80049993,5.310856411,5.503947793,5.146161472,5.446941539,5.773798997
Cnbp,0.556500187,0.763207996,0.711250991,0.885118445,0.566118672,0.310801605,0.697182173,0.584128087,0.37455513,0.556527337,0.835816373,0.432626174,0.63425518,0.747335077,0.722985893,0.828801785,0.792843843,0.717442476,0.653119891,0.475146152,0.322022143,0.737597607,0.771067709,0.408153379,0.67571338,0.617119063,0.665347393,0.818594638,0.468307309,0.566623722,0.662657123,0.282506281,0.866627454,0.509528929,0.280834668,0.769902094,0.859769144,0.731195536,0.555756039,0.807990184,0.656988519,0.622276666,0.494083215,0.746839688,0.942457899,1.011361037,0.933756655,0.771659007,0.738562007,0.77162999,0.505793197,0.505793197,0.466084331,0.702688715,0.720040216,0.531243809,0.918804705,1.018975301,0.686346447,0.291215625,0.839975262,0.581286912,0.647734233,0.621446851,0.537591963,0.809804861,0.489924334,0.529619508,0.49876318,0.534917751,0.310330011,0.750521144,0.82464016,0.438079311,0.778372618,0.775138739,0.624769924,0.352207105,0.838757914,0.797809918,0.849872044,0.264784988,0.692456883,0.334305259,0.746605961
Slc25a4,0.142471899,0.732821948,0.11855079,0.213176145,0.388644021,0.150332201,0,0.318821103,0.205334284,0.151117107,0.197345596,0,0,0.364306061,0.151309505,0.075393224,0.431150565,0.144663814,0.169553783,0,0,0.407597002,0.537096176,0,0.334326366,0.451679086,0.081001484,0.594785786,0.205701481,0,0.361474728,0.310988506,0.13773982,0.353077089,0,0.292123222,0.114717176,0.353530847,0.286563948,0.34005935,0.347258663,0.29902504,0,0.401302385,0.181596114,0.142289376,0.444201412,0,0.252204631,0,0.06317507,0.06317507,0.094535691,0,0.403152952,0.247480423,0.155021447,0.224654434,0.145266852,0.308037372,0.422721089,0.288200691,0.228027685,0.310186327,0,0.225783066,0.181183672,0.110197792,0.235788546,0.105578466,0.130199228,0.108792951,0.344503328,0.070893819,0.283662606,0.464733873,0.109913877,0.353095792,0.276847067,0.279954159,0.404452549,0.096494771,0.367288486,0.151002823,0
Hmgb2,5.135254471,5.392859077,5.933893334,4.461861444,5.713200509,5.970304713,5.192158136,5.067942653,4.991677323,5.694170844,5.171554874,6.438121644,5.038446731,5.055896448,4.610542217,5.472580541,5.002872472,5.73287583,5.293671679,5.417730118,4.465054216,5.419623734,5.28732457,5.750015333,5.625660957,5.3736507,5.655726534,5.680068604,6.138218103,4.942085511,4.832104474,5.75700225,5.735049479,5.235190661,5.644420154,4.556990952,5.094914465,5.337284511,5.709365117,5.097942089,5.097023685,5.26466904,5.812293019,4.974380517,5.667371508,5.25523698,4.724647429,5.01887883,5.494696332,5.018825227,4.928669804,4.928669804,5.49164257,5.524480718,4.780599715,5.401448747,5.368573226,4.7925515,5.214009424,6.166722734,4.964774821,5.780798792,5.61793946,4.788832384,5.294812927,4.686096556,5.208053422,4.929038884,4.418547293,5.644626082,5.863786686,5.472018958,5.050673301,5.693690664,5.33831676,5.008612069,6.179915939,5.224215336,5.021858647,5.615955603,5.362601103,5.977978927,4.921032664,5.085795778,6.114338417
Rpl18a,6.129415775,6.113154551,6.364413614,6.624721369,6.195130994,6.337528587,6.765425141,6.682549959,6.921681284,6.649254767,6.158402289,7.015815081,6.954671088,6.262900277,6.263080706,6.461495702,6.311121104,6.716472893,6.347945404,6.629373814,6.753138452,6.376334812,6.09147983,6.370019827,6.200972404,6.202862145,6.988175971,6.175290311,6.590770263,6.27794702,6.099599218,6.487578443,6.193342431,6.407087625,7.211985459,7.277609651,6.583654872,6.253497064,6.428592993,6.341538928,6.396896305,6.251323765,6.245233046,6.337330963,6.700473995,6.345224986,6.179907005,6.444957086,6.135293562,6.444903212,6.04947307,6.04947307,6.327287232,6.045661172,6.150277142,6.984773538,6.326089508,6.141992717,6.871384794,6.155045052,5.736898205,6.372870031,6.243485073,6.214733144,6.633980315,6.76746106,5.987770797,6.271020616,7.35166429,6.35483715,6.650395795,6.525662891,5.988288041,6.531966279,6.640363537,6.024021735,6.644245204,6.164299274,6.04450752,6.77541897,6.108558978,6.827749317,6.041710993,6.128043228,6.800688572
Rpl18a,2.814076713,3.518045472,0,2.766040275,2.53409453,0,0,2.451882375,0,0,2.806738196,0,0,2.974001629,2.516559522,2.231333949,2.642666721,0,0.678612261,0,0,0.286630853,2.799361538,0,3.464635192,2.630722574,0,3.20392331,0,2.032839441,2.423282902,0,2.21480074,3.421418066,0.29502811,2.442296095,2.891357688,2.70641064,2.54088667,2.956849135,3.234272984,2.528769208,0,2.509417414,0,0,3.141774813,0,2.776433167,0,3.403254151,3.403254151,0,2.705284052,2.398664202,0,1.72546864,2.638897169,0,0,3.502871611,2.836602381,2.616458151,2.575612688,1.456716578,2.258611276,2.436747823,2.751815482,2.602428501,0,0,0,0,0,0,2.386557375,0,0,2.070584264,0.43452841,2.202493964,0,0,3.060571506,0
Prdx2,0,0,0,0,0,0,0,0,0,0,0,0,0,0,0,0,0.044301785,0,0,0,0,0,0,0,0,0,0,0,0,0,0,0,0,0,0,0,0.265648308,0,0,0.202644058,0,0,0,0,0,0,0,0,0,0,0,0,0,0,0,0,0,0,0,0,0,0,0,0,0,0,0,0,0,0,0,0,0,0,0,0,0,0,0,0,0,0,0,0,0
Prdx2,1.461392542,0.586145666,1.280602921,1.419550184,1.369999037,3.419720215,2.554148453,3.203834367,2.752323983,2.646919849,0.567905868,1.021261634,3.585189298,1.921623345,1.438045752,2.008697206,1.068452698,4.060073633,0.677470423,2.206747217,2.309469146,1.473263019,1.458584885,2.098651218,1.013947388,1.982739172,2.095946505,1.528641276,2.826587769,1.788418476,1.817898429,2.20066924,1.967553856,2.056314681,4.006759591,3.268544136,1.994162941,1.17908304,0.881121255,1.378999471,1.066274618,0.799294991,2.281189895,1.635874569,3.380341399,2.810486019,2.102102908,3.428931602,1.231257646,3.428879391,1.566922724,1.566922724,3.574825268,2.274255096,1.41401543,2.482324278,1.930573616,2.715669361,4.599173575,3.832221987,1.152095662,1.634015541,1.999224195,2.222709982,3.535891376,3.152306584,0.882101935,1.825815776,2.48997732,1.493557692,3.273990012,1.842468896,1.11656956,1.966052251,1.917034364,1.484801757,1.349467785,1.95525809,1.811776618,3.638421242,1.817039957,3.428813924,1.326379969,2.872389483,3.687959742
Cox4i1,1.991501001,2.203414209,2.340801821,0.856148556,2.106268699,2.805091883,1.878797417,1.571756663,1.490049014,1.729569335,1.884840126,0.249429084,1.409674888,1.500756648,1.454101386,1.32848158,1.257214968,1.872656118,2.226365566,2.711238388,1.602202746,1.154128639,2.294256719,2.08235535,3.162583962,2.081134761,2.177143359,2.056206987,2.634010863,2.039459838,1.656990184,2.551646244,1.068558317,2.029152497,1.849184822,1.541720839,1.946745627,2.008808175,2.041891597,1.30214175,1.747623471,1.961812031,2.652208633,1.744521368,1.452371524,1.769972807,1.695973721,1.916378619,2.371460908,1.916332599,2.241756152,2.241756152,2.052009588,1.562321515,1.700071532,1.273112059,2.419035299,1.895960684,2.366079206,2.179750104,2.17794165,1.5011147,1.670645574,1.60750965,2.003304057,1.708761251,2.044474054,1.92098582,0.663742224,1.515960171,2.056593615,1.118755485,1.88061638,2.805641312,1.400701987,1.547970969,1.017378937,2.457010746,1.778305872,2.019272082,1.850575875,2.154703402,2.276730512,1.883468987,2.253375637
Rpl13,3.525323007,3.142290083,3.358561538,3.596457873,3.284147888,3.530901317,3.82886387,3.672930894,3.944658162,3.720428272,3.895291876,4.575293181,3.833857822,3.339888971,3.363542996,3.178876983,3.545803386,4.321997965,3.559659817,3.74673608,3.966923902,3.779617441,3.270875106,3.718315179,3.129307375,3.673321764,3.85791816,3.557615497,3.823936384,3.582089136,3.5006169,3.668813501,3.693364671,3.79260892,4.540891148,4.2000702,3.751272359,3.524469206,3.438031172,3.566133765,3.543058783,3.377980984,3.562461587,3.665484833,3.971449173,3.741451616,3.46492104,4.100538788,3.136615377,4.100485722,3.029943936,3.029943936,3.709179869,3.380935486,3.453324639,4.164427908,3.6806218,3.430959293,3.954612788,3.63515679,3.327287447,3.59710715,3.592442345,3.63314784,3.730578244,3.992616416,3.576230251,3.89531065,4.523311688,3.82991978,4.202365185,4.155525246,3.350732368,4.269437895,4.09665667,3.419915896,4.120529741,3.553593566,3.482745912,3.597312664,3.358780385,3.863962822,3.623607104,3.503758577,4.186537428
Tubb3,1.493071332,1.214170512,0.843600263,1.520164182,1.266563593,0.797555331,0.839819466,1.049586988,1.018105306,1.351427367,1.571490039,0.932187467,0.961992805,1.02147923,1.850947999,1.24532308,1.401635032,0.970342037,1.079521861,0.664712331,0.71740389,0.937042886,1.236423668,0.923641167,1.219754247,1.24593994,1.085707225,1.15698471,1.197995838,1.652571323,1.084563766,1.522265626,1.661026553,1.400149062,0.833935479,1.555669652,0.842589885,1.368118856,1.149368218,1.59006459,1.520836462,0.853776535,0.606585109,1.310404456,0.915445705,1.083445818,1.004008988,0.903684446,1.13543014,0.903652344,1.238545342,1.238545342,0.998463097,0.930237599,0.950667497,0.720731431,0.815570908,1.737632365,0.950693438,1.236653466,0.613911589,0.630301722,0.874037788,1.404051005,0.98655457,1.111873538,1.026913254,1.324663191,1.162492425,1.028388535,0.740119765,0.68974643,1.151551352,0.689960081,0.965612616,1.487948327,0.90885124,1.171187044,0.971661358,0.884805701,1.315715658,0.983680427,1.024865515,1.126574265,0.785753146
Hist1h2ap,6.055758863,6.61095608,7.011270209,5.72703352,6.491292912,6.822957396,6.518870244,6.00505665,6.151515205,6.247960491,6.333396866,6.94368628,6.212262101,6.048537025,5.807056718,6.214404554,6.039169831,6.800368736,6.192266875,6.511569698,6.009425838,6.062323694,6.631542431,6.769047139,6.474422833,5.983695565,6.574694219,6.180931894,6.56778477,6.250910884,5.887615808,6.524184417,6.107356631,6.430991781,6.727291992,5.518025347,6.495250448,5.899189589,6.266907359,5.84656252,5.827668247,5.962540373,6.552715026,6.229427618,6.484120391,6.309173152,6.037631963,6.501114933,6.278999301,6.501061054,5.988838066,5.988838066,6.520195688,6.210941294,6.257932722,6.667869991,6.248783402,5.734233135,6.324870086,6.527703674,5.850751087,6.178507073,6.212050592,5.590573728,6.428207674,5.664601826,6.161039967,6.425052656,6.10210002,6.430835422,6.700787705,6.298227474,5.966709695,6.681236644,6.28586595,5.809928822,6.928085029,6.335108549,5.765776425,6.715062861,6.057827634,6.642099238,5.994076977,6.21255972,6.91717182
Hist1h2bb,2.346145667,0,2.951980473,2.505768865,2.32150405,2.634012149,2.935023307,2.005502554,1.949029153,2.328345214,1.966684948,2.960834087,2.57777355,1.668930314,1.683135942,2.049644605,2.10748073,2.619266243,2.35598846,2.334533958,2.258202074,2.385184783,1.843665675,2.782934662,2.886778317,2.096506519,2.430713222,1.898800141,2.776941913,2.755689511,1.771308519,2.184146532,2.929276878,2.113229415,2.955969317,2.283882933,0,2.122815388,2.117320024,2.804159297,2.556572792,2.241937871,0,2.35907896,2.54723603,0,2.6512229,2.361604659,2.361788253,2.361555786,1.823022671,1.823022671,0,2.246356164,0,3.16827152,2.623440265,2.188749381,2.257345795,2.581811452,1.769508361,2.789387352,2.251184858,2.366138324,0,2.251865907,2.135566933,2.682066327,2.729405386,2.440427945,2.67111038,2.663619799,2.094343154,2.803510635,2.699689392,2.188931979,0,2.603383174,2.358212299,2.421970933,2.270777316,2.717516357,2.30584578,0,2.993998301
Tubb2a,3.602862375,3.377628628,3.296583006,3.707915844,3.803452598,3.909761377,3.983847663,3.464455312,3.646132525,3.942320296,3.703945405,3.924556021,3.837263229,3.353311772,3.724310022,3.70889012,3.814036318,4.09114503,3.808967848,3.335265776,3.652068784,3.767006747,3.265610953,3.951729847,3.481373451,3.588767996,3.4978013,3.333855369,4.1244973,3.820350754,3.414484431,3.416431828,3.560540352,3.480772363,4.003781402,3.851723114,3.80528352,3.294485672,3.800698611,3.37542666,3.731507107,3.927033727,3.897963758,3.830734711,4.219827263,3.856724722,3.513035523,3.661430644,3.91530387,3.661378071,3.941020195,3.941020195,3.642698421,3.652808178,3.305608824,3.908197847,3.447837376,3.511182386,3.969911418,3.401909667,3.690639081,3.884053726,3.843992423,3.450331642,4.27719456,3.745777992,3.372832639,3.84882466,3.409373038,3.587561169,3.969148499,4.128008157,3.617011601,3.512209402,3.689899919,3.399452379,4.070571755,3.568873651,3.628846476,3.590096095,3.6832491,3.578584238,3.99461807,3.279012886,3.92537063
Tubb2a,4.048417839,4.222253073,5.036145149,4.083090108,4.169338506,4.611490427,4.321786066,4.102476918,4.339332303,4.308184429,4.277984419,4.638380802,4.370948152,3.997471478,3.736815028,4.014881135,3.87179488,4.566384842,4.251031503,4.812817477,4.142487803,3.977480212,4.206617765,4.413793129,4.636056673,4.041583547,4.441176234,4.074920358,4.483069564,4.162637449,4.001786608,4.755969957,3.973598092,4.232453981,4.561738972,4.066591647,4.316084187,3.893109496,4.158305655,3.60242219,3.886990543,4.073308315,4.607281238,4.202070942,4.480888005,4.415277985,4.055485213,4.488648243,4.224949372,4.48859489,4.406372893,4.406372893,4.364918835,4.2316113,4.297649821,5.035548864,4.487722468,3.911478624,4.36847945,4.442676607,4.049772646,4.41125115,4.214925868,3.73998283,4.186424324,3.868984223,4.055770656,4.309873926,3.988040767,4.186268111,4.429941435,4.292437172,4.241886591,4.699662904,4.396394214,3.853201703,4.501957855,4.304569401,3.93773462,4.267956151,4.525425306,4.651516962,4.123352099,4.315109851,4.538930331
Tubb2b,2.853685377,2.883258236,2.374563133,2.740698545,2.654516384,2.389615938,2.278159235,2.671895974,2.712751245,2.4566716,2.613748973,2.17434948,2.444658756,2.845732154,2.899494811,2.564465078,2.528926646,1.825500776,2.872060222,2.642468896,2.865475212,2.57606506,2.711385381,2.220142807,2.616964898,2.762804677,2.711845068,2.864744839,2.661646055,2.616839218,2.76576621,2.600903745,2.895637561,2.810350413,2.247848347,2.629471471,2.849762452,2.869274682,2.853981436,2.376142695,2.911701683,2.735619771,2.451299285,2.825017538,2.463511942,2.548983374,2.747627926,2.226201236,2.732084989,2.2261531,2.537780464,2.537780464,2.417671677,2.613049235,2.502978538,2.385663233,2.451306515,2.703223787,2.314979847,2.127592237,2.787577697,2.559341628,2.685173138,2.717865389,2.690541636,2.635533011,2.740854653,2.541956434,2.377611737,2.736515412,2.418939668,2.516012228,2.620092741,2.166006724,2.154653331,2.631802213,2.120625293,2.683998395,2.86006236,2.720603298,2.750552929,2.138694386,2.755142744,2.711702391,2.261941718
Hnrnpa0,1.567385673,1.995739107,2.067323826,1.761379807,1.98641891,1.812536459,2.26810572,1.849503531,1.62949024,2.12955524,2.278399799,2.285232241,1.932603984,1.376827895,1.909087215,2.007910955,1.833609537,2.564975633,1.534666104,1.611786767,1.843347065,1.694466906,1.392253308,1.78615206,1.684327205,1.735016956,1.82353023,1.56729421,2.043065955,1.780415677,1.715884275,1.662017445,2.430427836,2.139439106,1.705901372,1.930673509,1.96515701,1.963208205,2.053074586,1.976206208,1.394027533,1.798303772,1.553408215,1.981300745,2.05001,1.880539309,1.392680672,1.898992903,1.880908421,1.898947022,1.271034084,1.271034084,1.415651558,1.742653805,1.642965241,1.651376189,1.771793037,1.839097009,1.625112201,1.969427566,1.565466886,1.534779316,1.478946197,1.649467804,1.806742511,1.567753968,1.60217582,1.997245801,1.906640218,2.265981029,1.999419156,1.952243627,1.392973958,2.034015545,1.751745245,1.630177372,2.808351475,1.468925749,1.378356718,1.43525402,1.565681965,1.705875473,1.609336265,1.504258423,2.258164731
Hnrnpa0,0.378039033,0.480961499,0.358917915,0.632912918,0.421020512,0.442533526,0.592282159,0.551820213,0.713757902,0.246773069,0.558716622,0.098334636,0.745059661,0.534771765,0.474557826,0.183609809,0.302818744,0.125327534,0.694743964,0.409915357,1.110716808,0.484102131,0.656115741,0.345575245,1.124003691,1.064177158,0.864120956,0.604069895,0.631509788,0.628978196,0.772409328,1.189302999,0.588791518,0.309790634,0.201318482,0.222508377,0.661220354,0.458274793,0.564025712,0.340068713,0.781323399,0.441703688,0.136665782,0.394935564,0.157717521,0.3778001,0.317096861,0.141762765,0.093838708,0.141755633,0.289317657,0.289317657,0.354257931,0.51104604,0.354866978,0.337514237,0.252779923,0.150110037,0.125859668,0,0.279382078,0.79535145,0.630654925,0.085329286,0.21496051,0.560922831,0.227589988,0.837233467,0.250745658,0.323241432,0.112583386,0.63493346,0.199163622,0.273791603,0.641754538,0.380814536,0,0.580170554,0.731208203,1.049965922,0.209681149,0.231536168,0.410802298,0.161125055,0.166938042
Hnrnpk,4.971177241,4.532233763,4.557979499,4.571295746,4.564697351,4.689102504,4.438716403,4.917752191,4.607631553,4.456161704,4.487352326,4.62918866,4.510552428,4.769533917,4.834256974,4.699590376,4.683069464,4.618133615,4.95006218,4.834623398,4.84744973,4.685774746,5.277137925,4.271785475,4.829989664,4.971563197,4.897339576,4.795409914,4.784300858,4.58514119,4.702505658,4.699148401,4.394195137,4.444947929,4.588165108,4.898168571,4.691432908,4.476998979,4.755048915,4.536215086,4.503214459,4.592624269,4.681636739,4.809587285,4.763723373,4.561466288,4.729416538,4.841078689,4.576929983,4.841025155,4.959583934,4.959583934,4.593519133,4.681778217,4.754906171,4.752809549,4.819931682,4.843790812,4.713042694,4.912859395,4.917912949,4.913779415,4.84101795,4.784037522,4.975701053,4.515926421,5.037486708,4.585020352,4.569131656,4.676875096,4.445611142,4.574758832,4.642650114,4.417282924,4.534123119,4.64546504,4.708445506,4.660193179,4.809113152,4.713913683,4.631489236,4.376835163,4.677499587,4.600501926,4.613041475
Ranbp1,2.965704623,2.888672901,2.792450126,2.430616795,2.751730107,2.893737525,2.545140243,2.48480727,2.748481082,2.200509767,2.288980432,0,2.638556395,2.926241505,2.640873655,0,2.61722474,0,2.611833964,2.280689622,2.630009815,0,3.156138311,2.601971166,0,3.004368712,2.880153693,3.066347227,3.042181211,2.764028506,3.374338064,0,2.566691821,2.444661913,0,0,0,2.827621076,2.180091839,2.978529157,2.581420361,2.753025681,2.85726689,2.776511682,2.677370612,2.533058534,2.460101024,2.357665757,2.276435405,2.357616905,3.011267455,3.011267455,2.97456988,3.19965865,2.845981371,2.719479839,2.601305155,0,2.511218531,2.689809581,3.342550285,2.842760977,2.979631088,2.874000433,2.45923476,2.530940015,2.835767742,3.071585063,0,2.791405823,2.581125317,2.594270947,2.91256207,2.838989741,2.670334812,2.765886655,2.471425017,3.092408959,3.271292736,2.545573445,2.862564115,2.750582002,2.839324069,2.881579828,2.440824077
Eif4g1,3.429592589,3.415476802,2.464221789,3.33998847,3.251510653,2.786688938,2.476756272,3.465085208,3.221808588,3.190374487,3.240599988,2.199737848,2.890399044,3.354111954,3.720709442,3.297421609,3.555425658,2.011797578,3.147616875,2.767026658,3.051930747,2.892012699,3.399638116,2.809934983,2.989078292,3.510798433,3.097839262,3.649342699,2.765038326,3.247490035,3.467075939,2.819659127,3.366382303,3.606556123,2.620894089,3.150721276,3.392999017,3.698098714,3.563805102,3.432053125,3.572359934,3.210666549,2.510730126,3.194609439,2.39056055,2.729197152,3.328041244,1.986009613,3.197818631,1.985963059,2.929497952,2.929497952,2.840703918,2.983979429,3.056523058,2.128039999,2.676370083,3.140210995,2.717716183,2.439339618,3.038881435,2.847413181,3.201698216,3.079585271,2.527240993,3.047912125,3.188775928,2.926651712,2.560263205,3.072039446,2.657728368,2.686382099,3.02292098,2.409530096,2.794331485,3.340591259,2.060197807,2.922912271,3.254810998,3.161538449,3.111972723,2.023566529,3.32387425,3.715903167,2.218988877
Eif4g1,3.884619862,3.766562185,3.295811359,3.697909199,3.704971726,3.541496152,3.374444744,3.74627389,3.707866821,3.713321195,3.807876986,3.096006083,3.818032623,3.82976794,3.917569626,3.844325514,4.015047721,3.078220531,3.794446235,3.508828937,3.85796993,3.682890525,3.768825802,3.218802651,3.414983175,3.938308706,3.729370044,4.032565331,3.335457448,3.66871426,4.203287766,3.612033009,3.585201902,3.612466016,3.275389733,3.805549485,3.557747736,3.830250498,3.479301409,3.432292062,3.722286421,3.84358197,3.239526915,3.754570359,3.451093119,3.501572456,3.92237196,3.141493434,3.573625257,3.141441807,3.65438049,3.65438049,3.392358487,3.822282057,3.672128164,3.2790487,3.465077941,3.818640794,3.452824773,3.293087939,3.926870034,3.680479699,4.124702797,3.896813387,3.561030406,3.780846908,3.869167379,3.607522322,3.088094426,3.786585345,3.372279354,3.482792254,3.717722468,3.327400941,3.300270366,3.891264666,2.67372993,3.589772171,3.88508239,3.598044035,3.78591169,3.223519354,3.783657384,3.803778585,3.064785639
Eif4g1,3.29002524,3.195250181,3.227142636,3.432329492,3.196267379,3.158010568,3.457314018,3.176115159,3.164240322,3.105916931,3.422224216,2.790346123,3.083396143,3.568665076,3.168610801,3.418422963,3.214931068,2.752572946,3.266663095,3.212096579,3.367597935,3.765236884,3.126853713,2.820729052,3.008357625,3.262832532,3.223024897,3.309289768,3.06521847,3.275715187,3.151866368,3.10995079,3.214704684,3.096514685,3.287285014,3.134514808,3.16247562,3.214517299,3.048646049,3.069980743,3.254189646,3.391673345,3.288806197,3.214697658,3.218860426,3.620708905,3.188832315,3.051265319,3.065221047,3.051213912,3.12780177,3.12780177,3.56306086,3.124908248,3.257169553,2.976464667,3.605851905,3.119486875,3.022144861,3.659154314,3.276982774,3.845613393,3.853765475,3.005307516,2.99820066,3.465015263,3.378549814,3.241903222,3.33272655,3.118800251,3.009895655,3.220814504,3.177958438,3.355423236,2.994571403,3.263588515,2.545869261,3.255119063,3.316536357,3.702027529,3.285451987,3.349113873,3.565997525,3.197334242,3.052204897
Eif4g1,0.346435385,0,0,0.158086997,0.257389502,0.36356318,0.411511434,0.109731853,0.07899178,0,0.146057544,0,0.109951483,0.057693758,0,0,0.138307695,0,0.287486325,0.07680853,0.344419459,0.510066776,0,0.348644115,0.429623609,0.187214548,0.436847932,0,0,1.120175611,0.463187706,0.387909462,1.341365328,0.650100921,0,0.27351313,1.014880794,0.602063384,0.306848862,0.807027286,0.559119833,0.530478804,0.379727081,0.476193257,0.102228527,0.456551741,0.28960113,0.175625278,0.720149667,0.175616587,0.491449676,0.491449676,0.278869691,0.551365637,0.627151459,0.593065451,0.373833603,0.240919613,0,0.329234758,0.218164186,0.543800675,0.395123919,0.331700433,0.166661487,0.4861626,0.703154045,0.36518208,0.454336853,0.058493406,0,0.361175114,0.28788399,0.492019861,0.449506705,0.363420034,0.118421131,0.523008014,0.259077211,0.335925676,0.492772865,0.10396607,1.177561324,0.640346508,0
Hsp90ab1,2.957945268,2.994713621,2.020399099,2.728435161,2.960094527,2.357853035,2.303220133,2.881879855,2.452536052,2.50495785,2.955244335,1.677833505,2.16367266,3.007729951,3.156439456,2.604034529,3.134466301,2.159015263,2.399814062,1.942598945,2.291267169,2.191871384,3.002789184,2.167230515,2.510701623,2.904171032,2.34478664,3.034154224,2.097386946,2.749226774,3.124573359,2.204895587,2.776201861,3.181289458,2.040225951,2.641143561,2.612668929,3.123005616,2.790648365,2.62595288,3.026595075,2.741554136,1.976689508,2.726284395,1.841379872,2.328204373,3.163783542,1.652764067,2.712245102,1.652720442,2.339708727,2.339708727,1.97463125,2.37386881,2.711789504,1.604844196,2.33191125,2.864931943,2.099756762,2.290214195,2.977223243,2.386178127,2.635759286,2.794851394,2.473270247,2.750446322,3.08292373,2.872985787,2.77055822,2.486181085,2.142456716,2.335646175,2.800496568,1.905496041,2.244123437,3.056538994,1.611820223,2.512993867,3.076149881,2.285783604,3.018777804,1.844604554,3.158661814,2.813735303,1.640811212
Hsp90ab1,0.209360183,0,0,0,0.057300772,0,0,0.067820939,0.032426498,0,0.061394112,0,0.045770613,0.134298616,0.112151106,0.097495998,0.29154157,0,0.052147656,0,0.027260466,0,0.118972657,0,0.042246564,0.128922414,0.035874665,0.229968002,0,0.031211626,0.132065176,0.030999407,0.061997115,0.258420597,0,0.099999237,0.123702271,0,0.091401112,0,0.058019314,0.063094193,0.036448458,0.059755988,0,0,0.102835156,0,0.048695679,0,0.027974529,0.027974529,0,0.156484983,0.078043605,0.039975082,0,0.027005782,0.033498322,0.038622475,0.151547978,0.035641012,0.13059383,0.184982089,0.047568897,0.075792876,0.140988663,0.636061481,0.056204716,0.069908514,0,0,0.043728965,0,0.055465304,0.070944175,0,0.059476492,0.213001479,0.019890243,0.076069766,0,0.031820116,0.068688854,0
Hsp90ab1,0,0,1.065098506,1.718346082,0,0,0,0,0,0,1.531632581,0,0,0,0,0,0,0,0,0,0,0,0,0,0,0,0,0,0,0,0,0,0,0,0,0,0,0,1.307492235,0,0,0,0,0,0,0,0,0,0,0,0,0,0,0,0,0,0,0,0.79159148,0,0,0,0,0,0,0,0,0,0,0,0,0,0,0,0,0,0,0,0,0,0,0,0,0,0
Ppp1ca,3.379395516,3.717790017,3.824911981,3.805392519,3.835883276,3.52248694,4.050065464,3.815684101,4.000746297,3.844797959,3.723927778,4.345740251,3.818474125,3.478243122,3.573530607,3.710949708,3.635480099,3.978240085,3.632579932,3.843937305,3.728775612,3.500832234,3.698707857,4.314083046,3.632039356,3.504120117,4.037580203,3.494275634,3.830644654,3.372783219,3.663287647,3.657897453,3.645632816,3.71852311,4.29037855,4.139571261,3.688046041,3.653887741,3.775078585,3.982910185,3.675111049,3.221154267,3.176505342,3.433647902,3.900963732,3.392748436,3.404790572,3.469630357,3.883079315,3.469578077,3.419731646,3.419731646,3.406487231,3.492833894,3.17148177,4.021934437,3.419402055,3.311888973,3.60810445,3.289653944,3.019126054,3.591106371,3.554234971,3.5995501,3.714513169,3.541220844,3.292003179,3.223474684,4.411984394,3.901035403,3.982,3.667526846,3.117039216,3.484275105,3.285291132,3.575337555,4.190979998,3.197436511,3.37619812,3.778611443,3.448911147,3.867422782,3.48170996,3.520545943,4.220246566
Cfl1,1.258441362,0.762358523,0.634381084,0.763521735,1.00115129,0.375933848,0.713204764,0.263654884,0.278900342,1.132428776,0.343198121,0.411084067,0.374115216,0.208418727,0.611021748,1.025243166,0.679194531,0.198000277,0.755421635,0.712459677,0.72738145,0.666412197,0.187350588,0.127635061,0.350305163,0.54010336,0.606888301,0.970393192,0.149498252,0.600396224,0.914406406,0.482458441,0.764331884,0.669773887,0.682921952,0.343768144,0.52279085,1.149106296,0.384736777,0.322570614,0.52239709,1.170328451,0.393054115,0.466628156,0.246888465,0.357859839,0,0.810675579,1.235746013,0.810645608,1.177173324,1.177173324,0.246235782,1.159359198,0.836900577,0.233742029,1.060791923,0.587016608,0.104323282,0.322111159,0.721615231,0.211404526,0.593661103,0.747885293,0.488151089,1.027915321,0.60892962,0.453143757,0.837715493,0.962894381,0.399069703,0.931385598,1.194006764,0.270423344,1.277598041,1.46460385,0.504780283,0.739549069,1.135233098,0.539224676,0.670758756,0.692834286,0.546223283,1.420872769,0.370215517
Sf1,5.335030575,5.719328666,6.686554537,6.306996094,6.175541898,6.489441776,6.651369906,6.07270378,6.484606708,6.265779119,5.943349596,6.849709357,6.607377308,5.596948037,5.575341302,6.168339993,6.017285529,6.88505521,5.797295066,6.564012012,6.173459862,6.067679434,5.986069329,6.62293896,5.720074108,5.773805117,6.729026129,5.777444451,6.92841234,5.767284608,5.74429497,6.646900202,5.921949582,6.171920022,7.049573391,6.428141631,6.122272926,5.946818779,6.198587206,5.979629515,5.828711633,5.529588412,6.18219965,5.666952729,6.050913779,5.903763906,5.31201767,6.320016553,5.756745292,6.319962691,4.720243262,4.720243262,6.147174749,5.795474235,5.472880652,6.227670633,5.759863676,5.557652248,6.3758539,6.055451728,5.07381768,6.02869266,5.599176135,5.461426202,6.491801296,6.053833733,5.319282388,5.863768474,6.351839756,5.931108009,6.257385831,6.198306048,5.512130163,6.837360001,6.128595895,5.289826929,6.808130521,5.724314624,5.480942444,6.441892203,5.258903766,6.798321088,5.491878465,5.559093154,6.823000487
Eef1g,3.16697022,3.56839029,3.863584923,3.847673548,3.221448013,3.410456591,3.280975949,3.316434019,3.353758176,3.429692241,3.18361167,2.984739236,3.879695809,3.524075518,3.360410271,3.375820859,3.171590765,2.917334066,3.110414814,3.327009086,3.310505135,3.55027669,3.208271332,3.198068088,3.16311478,3.205078366,3.568417648,3.249233845,3.460903562,3.281448741,3.249677198,3.546015866,3.493467954,3.505432764,3.500143087,3.791755894,3.672084053,3.320958208,3.078558008,3.09163326,3.302604652,3.308879802,3.353972688,3.205612957,3.004636183,2.93560802,3.160078591,3.315464097,2.799438081,3.315412097,2.797597931,2.797597931,3.513163845,3.413061867,3.041251417,3.276871969,3.153744247,2.840355618,2.801183472,2.503942106,3.217534303,3.554930873,3.339300718,3.529561251,3.629937425,3.678866782,3.159158026,2.910351623,2.890228752,3.239480628,3.149442086,3.238995275,2.892832048,3.187989849,2.877811114,3.234095987,2.767628814,3.322633253,3.182110126,3.537084627,2.967498576,2.946148369,3.358086149,3.171574585,3.000330704
Fth1,2.936538824,3.094451518,3.615423135,3.968389857,2.695485975,2.896688643,2.894073849,2.992182519,2.956508619,2.658879139,2.685215229,2.293982522,3.738436015,3.494944861,2.651689943,2.961565532,2.801820123,2.659929884,2.858100072,2.983420381,3.143516304,3.158322705,2.970343822,2.666283739,3.107363847,3.232474966,3.610948215,3.198141178,3.427357479,3.275816154,3.062883925,3.749822687,3.578145388,2.737912475,2.809123459,3.264490368,3.241731237,2.727136769,2.581853524,2.786417339,2.912782849,2.866100027,3.048832197,2.808436944,2.546299723,2.712257149,2.710316033,2.995203126,2.293294739,2.995151866,2.373134387,2.373134387,3.14178077,3.0416416,2.806441242,2.691000149,2.684292447,2.465467307,2.446123534,2.377426295,2.87811337,3.11644228,3.147136228,3.189534376,3.077220716,3.138337276,2.532401727,2.579606237,2.553978389,2.657550256,2.49619887,2.844612703,2.35780208,3.063439645,2.46275025,2.786829578,2.296056156,3.124586685,2.868446435,2.667261073,2.643195441,2.462648492,3.155459144,3.034538585,2.223128335
Ddb1,0.307926833,0,0,0,0,0,0,0.220859859,0,0,0,0,0,0,0,0,0.116669705,0,0,0,0,0,0,0,0,0,0,0,0,0.295687542,0,0,0,0,0,0,0,0,0,0,0,0,0,0,0,0,0,0,0.238160153,0,0,0,0,0,0,0,0,0,0,0,0,0.58073183,0,0.218895573,0.230399103,0,0,0,0,0,0,0,0,0,0,0,0,0,0,0,0,0,0,0,0
Ddb1,4.467359584,4.546328698,5.022379296,4.387426113,4.462102159,4.991516342,4.808454702,4.394074613,4.679737779,4.577711421,4.651416758,4.983874264,4.402420805,4.150819516,4.222653735,4.547358673,4.46347986,4.784006222,4.283969536,5.149186729,4.864102747,4.289709774,4.378968938,5.1027737,4.561876374,4.169987113,5.005588438,4.260924272,5.174757774,4.378920193,3.995239149,4.858776681,4.220812108,4.515070398,4.719714882,4.268449024,4.250665301,4.181510979,4.839952073,4.123361645,4.152278226,4.158354529,4.61563375,4.426186318,4.550004974,4.496726931,3.992233395,4.706924334,4.242900362,4.706870861,3.751612386,3.751612386,4.615134779,4.260279815,3.96986137,4.566672533,4.250289587,3.905760731,4.460019925,4.608042118,3.871229003,4.433307324,4.36623872,4.060985421,4.771817497,4.389067255,4.02173717,4.552943039,4.552863846,4.364972274,4.902493875,4.426862999,4.599256694,5.465890237,4.767630333,3.97632842,4.819816788,4.345045168,4.297891724,4.601089373,4.166283661,5.29194632,4.244021882,4.459759163,4.793980022
Ddb1,0,0,0,0,0,0,2.657857568,0,0,0,0,0,0,0,0,0,0,0,0,0,0,2.767670129,2.567342743,0,0,0,0,0,3.275251492,0,0,0,0,0,0,3.130110434,0,0,0,0,0,2.478781799,0,0,0,0,0,0,0,0,0,0,0,0,0,0,0,0,0,0,0,0,0,0,2.505639924,0,0,2.578770263,0,0,0,2.65244246,2.619377443,0,0,0,0,0,0,2.370071391,0,0,2.749264414,0,0
Ddb1,2.830302671,3.321923771,1.125405872,2.621202435,2.594621306,1.520484505,2.203611432,2.705614638,1.707136396,2.074980332,3.020469558,1.638685023,2.334893702,2.974723048,2.570375539,1.966511355,2.888626542,1.211401551,2.533635853,0.341385742,1.949043468,1.893162397,2.501969566,0.72561467,2.319616638,2.835341711,1.714103944,3.524639982,1.424715654,2.491191583,3.260928962,2.435038039,2.932967876,2.992869671,0.787844489,2.231322475,2.301138788,2.994739897,2.856585425,3.02305154,2.935950931,2.327666806,1.430713427,2.201669896,1.355555773,2.004741664,3.127726599,2.215262179,2.651609376,2.215214108,2.582200905,2.582200905,1.021269009,2.123871872,2.753557781,1.310223154,1.805797748,2.224882743,0.781270569,1.939319731,3.133767753,2.026959479,2.510830252,2.470136643,1.347967715,2.621902524,2.996611772,2.435690581,2.350301256,2.591118973,1.305198052,2.385482761,2.808062429,1.317985526,2.564593734,2.532853332,1.704517668,2.383403554,2.786508808,1.367611319,2.965437829,0.750515296,2.824897497,2.663563642,0.629792964
Ddb1,0,0,0,0,0,0,0,0,0,0,0,0,0,0,0,0,0,0,0,0,0,0,0,0,0,0,0,0,0,0,0.084884625,0,0,0,0,0,0,0,0,0,0,0,0,0,0,0,0,0,0,0,0,0,0,0,0,0,0,0,0,0,0,0,0,0,0,0,0,0,0,0,0,0,0,0,0,0,0,0,0,0,0,0,0,0,0
Ddb1,0,0,0,0,0,0,0.078028892,0,0,0,0,0,0,0,0,0,0,0,0,0,0.108574135,0,0,0,0,0,0.049392238,0,0,0,0,0,0,0,0,0.056637621,0,0,0,0,0,0,0,0,0,0,0.036777263,0,0,0,0,0,0,0,0,0,0,0,0,0,0,0,0,0,0,0,0,0,0,0,0,0.066903919,0,0.043272717,0,0,0,0,0,0,0,0,0,0,0.061812452
Ddb1,0.025534739,0,0,0,0,0,0,0,0,0,0,0,0,0,0,0,0,0,0,0,0,0,0,0,0,0,0,0,0,0,0,0,0,0,0,0,0,0,0,0,0,0,0,0,0,0,0,0,0,0,0,0,0,0,0,0,0,0,0,0,0,0,0,0,0,0,0,0,0,0,0,0,0,0,0,0,0,0,0,0,0,0,0,0,0
Scd2,0.025519003,0,0,0,0,0,0,0,0,0,0.032175514,0,0,0,0,0,0,0,0,0,0,0,0,0,0,0,0,0,0,0,0,0,0,0,0,0,0,0,0,0,0,0,0,0,0,0,0,0,0,0,0,0,0,0,0,0,0,0,0,0,0,0,0,0,0,0,0,0,0,0,0,0,0,0,0,0,0,0,0,0,0,0,0,0,0
Scd2,0,0,0,0,0.108587292,0,0,0,0,0,0,0,0,0.088458712,0,0,0,0,0.050748922,0,0,0.090560014,0,0,0,0,0,0,0,0,0,0,0,0,0,0,0,0,0,0,0,0,0,0,0,0,0,0,0,0,0,0,0,0,0,0,0,0,0,0,0,0,0,0,0,0,0,0,0,0,0,0,0,0,0,0,0,0,0,0,0,0,0,0,0
Scd2,0,0,0,0,0,0,0,0,0,0,0,0,0,0,0,0,0,0,0,0,0,0,0,0,0,0,0,0,0,0,0,0,0,0,0,0,0,0,0,0,0,0,0,0,0,0,0,0,0,0,0,0,0,0,0,0,0,0,0,0,0,0,0,0,0,0,0,0,0,0,0,0,0,0,0,0,0,0,0,0,0,0.044507369,0,0,0
Scd2,0,0,0,0,0,0,0,0,0,0,0,0,0,0,0,0,0,0,0,0,0,0.026894736,0,0,0,0,0,0,0,0,0,0,0,0,0,0,0,0,0,0,0,0,0,0,0,0,0,0,0,0,0,0,0,0,0,0,0,0,0,0,0,0,0,0,0,0,0,0,0,0,0,0,0,0,0,0,0,0,0,0,0,0,0,0,0
Ldb1,0,0,0,0,0,0,0,0,0,0,0,0,0,0,0,0,0,0,0,0,0,0.024662887,0,0,0,0,0,0,0,0,0,0,0,0,0,0,0,0,0,0,0,0,0,0,0,0,0,0,0,0,0,0,0,0,0,0,0,0,0,0,0,0,0,0,0,0,0,0,0,0,0,0,0,0,0,0,0,0,0,0,0,0,0,0,0
Smc3,0,0,0,0,0,0,0,0,0,0,0,0,0,0,0,0,0,0,0,0,0,0.042330252,0,0,0,0,0,0,0,0,0,0,0,0,0,0,0,0,0,0.025753535,0,0,0,0,0,0,0,0,0,0,0,0,0,0,0,0,0,0,0,0,0,0,0,0,0,0,0,0,0,0,0,0,0,0,0,0,0,0,0,0,0,0,0,0,0
Eif3a,0,0,0,0,0,0,0,0,0,0,0,0,0,0,0,0,0,0,0,0,0,0.026894736,0,0,0,0,0,0,0,0,0,0,0,0,0,0,0,0,0,0,0,0,0,0,0,0,0,0,0,0,0,0,0,0,0,0,0,0,0,0,0,0,0,0,0,0,0,0,0,0,0,0,0,0,0,0,0,0,0,0,0,0,0,0,0
Eif3a,0,0,0,0,0,0,0,0,0,0,0,0,0,0,0,0,0,0,0,0,0,0,0,0,0,0,0,0,0,0,0,0,0,0,0,0,0,0,0,0,0,0,0,0,0,0,0,0,0,0,0,0,0,0,0,0,0,0,0,0,0,0,0,0,0,0,0,0,0,0,0,0,0,0,0,0,0,0,0,0,0,0.044507369,0,0,0
Eif3a,0.025169746,0,0,0,0,0,0,0,0,0,0.031738458,0,0,0,0,0,0,0,0,0,0,0,0,0,0,0,0,0,0,0,0,0,0,0,0,0,0,0,0,0,0,0,0,0,0,0,0,0,0,0,0,0,0,0,0,0,0,0,0,0,0,0,0,0,0,0,0,0,0,0,0,0,0,0,0,0,0,0,0,0,0,0,0,0,0
Ddx3x,0,0,0,0,0,0,0,0,0,0,0,0,0,0,0,0.044444308,0,0,0,0,0,0.091052742,0,0,0,0,0,0,0,0,0,0,0,0,0,0,0,0,0,0,0,0,0,0,0,0,0,0,0,0,0,0,0,0,0,0,0,0,0,0,0,0,0,0,0,0,0,0,0,0,0,0,0,0,0,0,0,0,0,0,0,0,0,0,0
Ddx3x,0,0,0,0,0,0,0,0,0,0,0,0,0,0,0,0,0,0,0,0,0,0.021174611,0,0,0,0,0,0,0,0,0,0,0,0,0,0,0,0,0,0,0,0,0,0,0,0,0,0,0,0,0,0,0,0,0,0,0,0,0,0,0,0,0,0,0,0,0,0,0,0,0,0,0,0,0,0,0,0,0,0,0,0,0,0,0
Ddx3x,0,0,0,0,0,0,0,0,0,0,0,0.097407307,0,0,0,0,0,0,0,0,0,0,0,0,0,0,0,0,0,0,0,0,0,0,0,0,0,0,0,0,0,0,0,0,0,0,0,0,0,0,0,0,0,0,0,0,0,0,0,0,0,0,0,0,0,0,0,0,0,0,0,0,0,0,0,0,0,0,0,0,0,0,0,0,0
Ddx3x,0,0,0,0,0,0,0,0,0,0,0,0,0,0,0,0.044444308,0,0,0,0,0,0.031982353,0,0,0,0,0,0,0,0,0,0,0,0,0,0,0,0,0,0,0,0,0,0,0,0,0,0,0,0,0,0,0,0,0,0,0,0,0,0,0,0,0,0,0,0,0,0,0,0,0,0,0,0,0,0,0,0,0,0,0,0,0,0,0
Uba1,0,0,0,0,0,0,0,0,0,0,0,0,0,0,0,0,0,0,0,0,0,0,0,0,0,0,0,0,0,0,0,0,0,0,0,0,0,0,0,0,0,0,0,0,0,0,0,0,0,0,0,0,0,0,0,0,0,0,0,0.104692936,0,0,0,0,0,0,0,0,0,0,0,0,0,0,0,0,0,0,0,0,0,0,0,0,0
Uba1,0,0.11041362,0,0,0,0,0,0,0,0,0,0,0,0,0,0,0,0,0,0,0,0,0,0,0,0,0,0,0,0.090326542,0,0,0,0,0,0,0,0,0,0,0,0,0,0.087246565,0,0.094322133,0,0,0,0,0,0,0,0,0,0,0,0,0,0,0,0,0,0,0,0,0,0.072619006,0.082579089,0,0,0,0,0,0,0,0,0,0,0.058018792,0,0,0,0,0
Slc25a5,0,0,0,0,0,0,0,0,0,0,0.063635122,0,0,0,0.048035852,0,0,0,0,0,0,0,0,0,0,0,0,0,0,0,0,0,0,0,0,0,0,0,0,0,0,0,0,0,0,0,0,0,0,0,0,0,0,0,0,0,0,0,0,0,0,0,0,0,0,0,0,0,0,0,0,0,0,0,0,0,0,0,0,0,0,0,0,0,0
Phf6,4.440557557,4.507965633,4.885686091,4.254972946,4.602835567,4.790800358,4.781020575,4.408432322,4.526792481,4.47057336,4.61604129,4.965885817,4.724956992,4.401809571,4.33981517,4.46840438,4.445301276,4.77968906,4.648121068,4.708491125,4.393730439,4.20881683,4.550807226,4.640589551,4.278931747,4.343248978,4.570136661,4.702614977,4.578115254,4.508048454,4.448964584,4.550551187,4.426011875,4.576313688,4.836434291,4.150629694,4.593549511,4.444559908,4.434460208,4.36948841,4.343417041,4.463801765,4.664469193,4.601706306,4.994806385,4.627074215,4.442459672,4.730515906,4.586468785,4.730462423,4.648604683,4.648604683,4.588842154,4.46151812,4.504867979,4.808777431,4.65605197,4.39762906,4.745420827,4.687842182,4.491938244,4.538168286,4.554775998,4.367935613,4.696111964,4.269935444,4.479573022,4.692775402,4.390253779,4.638826624,4.763731589,4.623792506,4.658484907,4.965339804,4.622985691,4.410680759,4.808229344,4.77623853,4.560794359,4.702902061,4.635683868,4.829227072,4.538857141,4.600758832,4.67217231
Hmgb3,2.362161644,2.346939727,3.256656223,1.346164013,3.357462157,3.869659574,3.334439451,2.444383445,2.886505717,2.156453112,0.499181223,1.170097067,2.430511126,2.379409212,1.935204493,2.214721953,2.577090394,4.005893761,2.008045773,2.773798013,2.561462843,1.711432058,2.741937136,3.563005787,2.029851123,2.669268121,3.9262165,2.224271848,3.358322918,2.526199585,2.339144217,3.158880953,1.645658281,2.96330262,3.517189918,2.263521283,3.168611576,1.561357761,2.053475929,2.804238953,2.040552294,2.095193002,3.102718298,2.374851602,2.717168568,2.452528733,2.669374047,3.784566858,2.443213859,3.784514124,2.275213478,2.275213478,3.003517558,2.624626331,2.750636139,3.889438473,3.351423018,1.504714838,2.27768662,2.783049224,2.112049608,2.504943586,2.902781004,0.772013214,2.358629567,1.843111999,2.05704118,2.460924024,2.166730631,2.480114115,3.327337091,2.615268841,1.851435069,2.964411237,2.397766025,2.028285391,3.599567339,2.919649631,1.69527588,2.832473052,1.970421683,2.983311321,2.590964047,2.583923739,3.814471048
Flna,0,0.693528284,0,0.276111064,0,0,0.97294557,0.644488348,0,0.495949214,0,0,0.66740092,0,0.399446452,0.429570668,0,0,0.356330066,0,0,0.470805353,0.76705878,1.190390949,0,0.794731104,1.433581515,0,0.940268745,0,0,0,0,0,0,0,0,0,0,0,0,0,0,0,0,0,0,0,0,0,0.517602996,0.517602996,0.842580594,0.780992616,0.970639943,0,0,0.226055981,0,0,0,0,0,0.190920356,0.437556968,0.495107567,0,0,0,0,0,0,0,0,0.656250693,0.432373351,0,0.690919697,0,0,0.41171443,1.011956881,0,0.523442519,0
Flna,0.904784043,0.596207271,0.998104981,1.351402402,1.323080288,0.77739621,1.18108012,1.909221434,2.037520412,1.986084319,1.387426761,0.808190304,0.870212615,0.952668228,1.30576208,1.567343644,1.621735008,0.183052731,1.710108715,1.13039068,1.941021431,2.253876021,0.666585637,1.026928171,1.060726063,0.848607057,1.022075454,0.674375551,0.464420416,0.448417853,0.401268258,1.267953518,1.133314918,1.159104188,0.987136313,2.319516665,1.787820386,1.18549296,1.659014633,1.373602443,1.558483407,1.197715392,1.017402628,1.265988724,0.921767275,1.430035056,0.766784551,0.815686917,0.315223503,0.815656826,0.655717963,0.655717963,0.639887373,0.967295099,1.588614469,1.329225335,1.755033691,0.341343342,0.338984473,0.381901436,1.557438857,1.95213511,1.926690027,1.292373959,1.123272791,1.191971067,1.094273221,0.553075445,0.665092864,1.572288753,1.149908866,2.010470182,0.5307221,0.374841878,1.053591169,0,0.140117111,1.268392772,0.55031922,0.618772773,0.82802939,0.836847395,1.112369824,1.257776041,0.521587838
Flna,0.267797759,0.392951991,0.15578132,0.221202182,0.240721792,0.226124856,0.489633699,0.391874993,0.156155662,0.217535843,0.352113865,0,0,0.179426938,0.092913063,0.06767003,0.239828983,0,0.263860862,0.094352392,0.271354857,0.316930178,0.082855063,0.120875305,0.335248742,0.10696872,0.036777721,0,0,0.231202734,0.291087809,0.121488344,0.179647085,0.449178351,0,0.388379092,0.102594576,0.072721733,0.137363546,0,0.324668139,0.144825537,0.205727002,0.298104995,0.163839657,0.186424378,0.105324751,0.112393837,0.18623244,0.112388101,0.110088022,0.110088022,0.199864443,0.329920233,0.266364949,0.223904031,0.344736531,0.155669396,0.160989934,0.114348086,0.183464597,0.071783275,0.082351927,0.441931809,0.26218579,0.350585598,0.200342774,0.145216453,0.236502901,0.434770761,0.143867523,0.34364356,0.377350574,0.206455385,0.34318457,0.362771503,0.050317806,0.296888749,0.265684947,0.059971836,0.132642949,0,0.208704943,0.241714987,0.386807394
Flna,3.394325783,3.228429276,3.776266609,3.517503669,3.756252161,4.017167323,4.180681258,3.33628987,3.781439772,3.638978235,3.296441727,3.920602471,3.622295206,3.131661931,3.172184053,3.502804448,3.295151399,3.914142337,3.26338033,3.659164275,3.634593524,3.697284091,3.536671042,3.817970196,3.696239101,3.064721191,4.01132086,3.161727523,3.872045555,3.251855723,3.184099472,3.509594075,3.402682864,3.603889203,3.734634405,3.281541803,3.493266308,3.382041963,3.612293543,3.559203199,3.270370765,3.37300454,3.746674281,3.231178593,3.645929895,3.261237167,2.888827017,3.618606256,3.422471924,3.618553744,3.059061832,3.059061832,3.657698747,3.498889711,3.19141191,3.631038527,3.326721938,3.000123766,3.458820181,3.439087574,3.246224376,3.60471746,3.637440321,3.004595639,3.756211915,3.218409891,3.23973489,3.692444346,3.674502859,3.486307803,3.590292552,3.860276712,3.188191987,3.8215776,3.639206754,3.049868562,4.042669272,3.406307113,3.172063695,3.627522758,3.148912279,4.250633986,3.235114872,3.550183429,4.234970747
Flna,0,1.854154643,0,0,1.641540407,0,0,0,0,0,1.573213652,0,0,1.944019217,2.144869013,0,1.838444682,0,0,0,0,0,1.985423063,0,1.485973468,1.941201092,0,2.216737818,0,1.625087468,1.622568651,0,0,2.023211469,0,0,0,1.88892078,2.096968639,1.88422928,1.854704513,0,0,0,0,0,2.384054227,0,1.641321339,0,1.673195253,1.673195253,0,0,1.879503739,0,0,1.769993608,0,0,2.041679007,0,0,0,0,0,2.414076515,1.711356039,0,0,0,0,0,0,0,1.703283536,0,0,2.101952961,0,1.718213465,0,2.101223083,1.789776487,0
Flna,0.519156465,0.206987987,0.692640506,0.32795225,0.4165177,0.423455146,0.404577846,0.372796987,0.349255574,0.376797865,0.35805629,0.613709866,0.895890665,0.245425507,0.311853122,0.422829794,0.374411625,0.23243889,0.298049715,0.25570137,0.203561918,0.616671154,0.453862622,0,0.637451466,0.052218677,0.437135947,0.481320948,0.677086629,0.268715406,0.682762699,0.443568754,0.745040486,0.35603355,0.821686239,0.537103651,0.596823498,0.598247494,0.504704293,0.554076624,0.534071076,0.351076669,0.485405189,0.259145317,0.406717767,0.572694702,0.350595316,0.318643388,0.327644941,0.318628664,0.401643434,0.401643434,0.51145999,0.582137996,0.708738738,0.634632266,0.354802343,0.493494471,0.180645651,0.476923734,0.460349819,0.533138377,0.650020296,0.442763251,0.837147423,0.327452264,0.32021516,0.748870796,0.64045792,0.414583708,0.620742281,0.89511184,0.276709604,0.795133608,0.404240601,0.432192042,0.742164975,0.606867455,0.585914767,0.423831513,0.251737335,0.618295377,0.469210555,0.358912612,0.487361041
Flna,4.432045311,4.449463924,4.738017808,3.912115638,4.388888708,4.711429605,4.434630053,4.347129365,4.246869493,4.47345548,4.28223711,4.420209224,4.446394818,4.120143976,4.199988434,4.491289208,4.381585855,4.491588444,4.662147562,4.644210308,4.252297838,4.307639797,4.434626863,4.627178227,4.317057075,4.120623479,4.479158377,4.199337022,4.378160798,4.337698734,4.377434244,4.601263383,4.298605601,4.334907571,4.538807997,3.870009176,4.567914949,4.180766034,4.257575484,4.17539506,4.218523381,4.468904152,4.768247654,4.456385262,4.649536613,4.618962399,4.235735589,4.609132999,4.487978488,4.609079577,4.537194765,4.537194765,4.35342537,4.209721308,4.448120498,4.652079273,4.585493877,4.139832883,4.442661924,4.466942238,4.165241036,4.52532358,4.420380955,4.27358078,4.75624328,4.170779462,4.297617525,4.546561256,4.013406229,4.474872313,4.759561857,4.366049868,4.458536667,4.744450712,4.412642778,4.21836149,4.445580138,4.579136812,4.321977212,4.125604777,4.312230346,4.623613561,4.352593434,4.475287873,4.272457946
Flna,3.172343716,3.485069229,0,3.276155725,3.478746137,3.682499069,3.328234473,0,3.269395703,0,3.115296191,3.306457154,3.235669614,0,3.219404621,0,0,3.638646599,3.309194617,3.620073237,0,3.394760769,3.339902776,3.478637619,3.252715285,3.219411724,0,3.404057135,3.575943682,0,0,0,0,3.278655023,3.227803677,0,0,3.394606619,3.333456741,3.137770681,0,3.259906603,3.355993103,3.219129234,3.350877616,3.230959367,2.917763832,3.171835961,3.314045192,3.171784264,3.001905271,3.001905271,3.454582473,3.265636811,0,3.12166668,3.081425949,3.010423475,0,0,3.024009242,0,3.187020471,3.114196132,0,0,3.125307426,0,0,3.11808894,0,0,3.269574983,0,3.241348477,3.055833603,3.352028697,0,2.937679618,0,3.176071182,0,3.023799194,0,3.395176633
Eif2s3x,0,0,0,0,0,0,0,0,0,0.043398413,0,0,0,0,0,0,0.022177479,0,0.048973576,0,0,0,0,0,0,0,0.128694671,0,0,0,0,0,0,0,0,0.075996627,0.04829723,0,0,0,0,0,0.06729127,0,0,0,0,0.069901925,0,0.069898282,0,0,0,0,0,0,0,0,0,0,0,0,0,0,0,0.029075976,0,0,0,0,0,0.045777548,0,0,0.10158568,0,0,0,0,0.036940332,0,0,0,0,0
Maged1,0,0.081425763,0,0,0,0,0.119357295,0.049337113,0,0.04992894,0,0,0,0,0.097674008,0.071182814,0.074767587,0,0.056353743,0.067249788,0.058008277,0,0.087538162,0,0,0,0,0,0.052366115,0.187561552,0.097557372,0,0,0.076753379,0,0.087354944,0,0,0,0,0,0,0,0,0.089661192,0,0,0.080325326,0.052629726,0.080321161,0,0,0,0,0,0,0,0,0,0.081565505,0,0,0,0.070830313,0.051335284,0.065950218,0,0.104146292,0.060732815,0,0,0,0,0,0,0.031321226,0,0,0,0.042557395,0,0,0,0,0
Maged1,0,0,0,0,0,0,0,0,0,0,0,0,0,0,0,0,0,0,0,0,0,0,0,0,0,0,0,0,0.178782533,0,0,0,0,0,0,0,0,0.092512859,0,0.074277384,0,0,0,0,0,0,0,0,0,0,0,0,0,0,0.068435468,0,0,0,0,0,0,0,0,0.029237049,0,0,0,0,0,0,0,0.063556468,0,0,0,0,0,0,0,0,0,0.1094791,0,0,0
Nono,0,0,0,0,0,0,0,0.076128299,0,0,0,0,0,0,0,0,0,0,0,0,0,0,0,0,0,0,0.117939993,0,0.15636095,0,0,0.103030148,0,0,0,0,0,0,0.152037008,0,0,0,0,0,0,0,0,0,0,0,0.091989103,0.091989103,0,0.134035181,0,0,0,0,0,0,0,0,0,0,0,0,0,0,0.093720784,0,0,0,0,0,0.177270598,0,0,0,0,0,0.125442595,0,0,0,0
Nono,0.455937144,0.607575965,0.13653117,0.628450601,0.273880615,0.046094383,0.111033432,0.171665088,0.39502426,0.43024812,0.490999315,0.067699769,0,0.454510018,0.410003348,0.04454715,0.392391396,0.0866489,0.164444004,0.082370419,0.199893839,0.280609486,0.695656913,0.288846372,0.68290652,0.229049376,0.047676299,0.230374765,0.064051943,0.259601668,0.342949757,0.155722327,0,0.258711372,0.049057634,0.225476444,0.814875166,0.432157201,0.277581481,0.211080736,0.525939233,0.160260946,0.048386877,0.11620103,0,0.270928731,0.281595967,0.229567703,0.154079679,0.229556635,0.073026263,0.073026263,0.109040738,0.373063603,0.384846872,0,0.460313794,0.136476174,0.044461656,0.0511951,0.299728727,0.135740246,0.556612948,0.393703179,0.093069167,0.507780827,0.455796266,0.033332726,0.614768586,0.121355544,0,0.312680419,0.16473518,0,0.174298005,0.242798683,0.065094411,0.21961527,0.3710561,0.077385747,0.23402259,0,0.263761208,0.173735475,0.219948653
Nono,2.820189116,2.228240399,0.940632976,1.898293133,2.187904692,1.847565084,1.298098987,2.228508932,1.6422976,1.330823492,2.445978838,0.317550122,0.916672078,2.820318402,2.153507031,2.144429005,2.405997232,0.472312982,1.624086429,1.671973214,1.921053141,1.570993813,2.623974266,1.907399724,2.049265547,2.584020467,1.828231299,2.676457647,1.636301061,2.200897632,2.395470681,2.139978556,2.199444191,1.514244053,0.792630317,1.756095838,1.685364155,2.164806244,1.782482863,2.128844256,2.428452192,1.691163952,0.620826264,1.318499885,0.804667867,1.161338171,1.358982094,0.742756383,1.920049507,0.742728098,1.641701446,1.641701446,1.46447476,1.807044706,2.175259837,1.572624723,1.847625516,1.759492483,0.708501999,1.321866919,2.334755448,0.772283208,1.807940426,1.639621999,0.775198513,1.642728351,2.295147282,1.109879803,1.030840557,2.089709698,1.202080128,1.662825669,1.933751633,0.61741262,1.703565765,2.504736566,0.541890287,1.464123759,2.43497201,2.070102392,2.343594012,0.943935168,2.390968319,2.262955772,0.599465014
Rps4x,4.701701219,4.760451351,5.007694486,4.750225988,4.828565791,4.978590848,4.947956192,4.8564386,4.958165166,5.075984274,4.779088989,5.092345715,4.634233077,4.63093482,4.749788257,4.833781575,4.711420934,5.077092736,4.763722401,4.953699413,4.854403151,4.955591421,4.583041691,4.849746571,4.611676733,4.54961798,4.847853105,4.638535932,4.978781799,4.712833082,4.402959764,4.789216856,4.873026519,4.911893273,4.98968547,4.832360465,4.689183672,4.818753844,5.042559378,4.844205587,4.696579369,4.777348058,4.804359667,4.810879568,4.979332339,4.759305279,4.701300185,4.839294735,4.79257407,4.839241202,4.627224305,4.627224305,4.765853422,4.650215055,4.571628656,4.849666331,4.833913131,4.699523969,4.712008896,4.808837811,4.525734723,4.744416844,4.613000912,4.658098785,4.945766602,4.710273802,4.703617078,4.643738141,4.969187401,4.869521108,4.897746949,4.911218933,4.777018998,5.094475471,4.896763648,4.568671348,5.276122059,4.694064162,4.604164891,4.921983602,4.682109037,5.045227126,4.736203844,4.694076441,4.942823639
Abcb7,0.444178352,0,0,0,0.45629403,0.734758738,1.238570087,0,0,0.852587502,0,0.256980785,0,0,0,0,1.124659497,0,0.371477724,0.431046612,0.268727061,1.32549885,0.259502976,0,0.791670573,0,0.48068115,0,0.871936526,2.254755638,1.16063023,0,0,0.269339364,0.55382046,0,0,0.345983375,0,0,0,1.11301702,0,0,0.677276454,0,0,0,0,0,0,0,0,0,0.857983153,0,0,0,0,0,0,0.59514421,0,0.789222468,0,0,0,0.576037824,0,0,0,0,0,0,0.493931764,0,0,0.229405936,0,0.548081785,0,0,0.641044214,0,0.327139078
Pgk1,5.029560656,4.932272322,5.015415399,5.016915326,5.157991679,4.889836901,5.122075267,5.092736038,5.558620316,5.354549098,4.897177377,4.994885365,4.714663118,4.995470867,5.11040288,5.043364663,5.501977352,4.880548774,5.198278345,5.247827632,5.403060244,5.269942751,5.101884453,5.119327471,5.015866657,4.985479883,5.059762493,5.026647079,5.172426115,4.910014657,4.864980262,5.07362499,5.054965142,5.061755789,5.115856678,5.600919904,4.970426003,5.454100181,5.126664496,5.390646312,5.173324095,4.996092867,4.947059503,4.906080419,4.736343963,4.732913671,5.170984875,4.846737691,4.81101256,4.846684155,4.590671687,4.590671687,4.756974989,4.642725169,4.867014002,4.697475373,4.838772484,4.931154925,4.79356288,4.824845284,4.774093546,4.925331488,4.748092141,5.13925997,5.390562713,5.143245991,5.055120672,4.738864225,5.057866611,4.975423674,4.947695281,4.937092468,4.76856555,5.07345633,4.935269137,4.809547014,4.948214439,4.909505692,4.98855948,4.926410566,5.075000526,4.936484587,4.85175918,5.275672189,5.031168956
Tceal9,1.034171819,1.583914386,0.24989966,0.92165262,1.423503164,0.54923817,1.381188904,1.369634522,0.587375427,0.468137426,0.871756469,0.335448322,1.010167954,1.161236428,1.574573575,0.663845021,1.704986455,0.445849436,1.216144496,0.336303185,0.588288983,0.644476257,2.019103711,0.527736986,0.956013948,2.065031355,0.693811361,2.413195486,0.892534474,0.844671915,2.369315931,0.76553791,0.853422079,1.12371141,0.272244783,0.624235021,0.569331247,1.40010972,0.88058047,1.098356201,1.132193241,1.338416932,0.325846029,0.910068933,0.350166273,0.564671802,1.714566024,0.077062572,1.008823834,0.07705857,1.070174244,1.070174244,0.66228298,0.949807436,0.56313141,0.437607861,0.598528632,0.590386787,0.662987206,0.370022587,1.631061804,0.650426442,1.735421288,0.869480087,1.182867126,1.385234657,1.724570423,0.932972539,0.371387065,0.755855187,0.223772385,0.970200846,1.463782777,0.358203522,0.554890916,1.246125883,0.190171657,0.753507809,1.553371585,1.108372816,0.900355711,0.242255422,1.618131954,0.917707977,0.252107105
Morf4l2,0,0.363791455,0,0.091977382,0.152896796,0,0,0,0,0,0,0,0,0,0.181176456,0,1.717814753,0,0.139725728,0,0.074248677,0.127733849,0.754187815,0.21101642,0,0.793306184,0,0.086803745,0,0,1.347631281,0,0.086181697,0.187364004,0,0.163048802,0,2.144360719,0.664863905,0.839423149,1.270328926,0.05877625,0,0.158242247,0,0,0,0,0,0,0,0,0,0,0,0,0.097132961,0.267431337,0,0.198181546,0,0,0,0,0,0,0.166526326,0.249407578,0.077798861,0,0,0,0,0,0,0.078973141,0,0,0.200459785,0,0.152965882,0,0.165254122,0.434949826,0
Dcx,0.71357134,0.40928133,0.206563657,0.295536272,0.861561532,0.464971015,0.573099368,0.347152591,0.46899725,0.327444189,0.599221463,0.136704587,0.317380942,1.103044564,0.486651386,0.566381966,0.995519182,0.281050327,0.435608997,0.143154938,0.402703339,0.114146661,0.933232413,0.318442655,0.770379599,1.053273899,0.608667863,0.675864243,0.228553865,0.317078905,0.972731261,0.296962528,0.185835406,0.516560922,0.203128543,0.176498524,0.274079631,0.588730303,0.206394919,0.287746623,0.439516572,0.70067878,0.440828999,0.478537092,0.244422719,0.377215093,0.293196235,0,0.592809452,0,0.473361294,0.473361294,0.308496262,0.618636158,0.559708009,0.198487576,0.572563928,0.492797961,0.084613545,0.336680471,1.259298579,0.456788901,0.663385349,0.434477604,0.118920201,0.495327076,1.083995318,0.872845552,0.747777565,0.270993605,0.119041469,0.214502494,0.884792422,0.14228223,0.218788302,0.900211649,0.086518409,0.453987383,0.658426085,0.301981554,0.698103159,0.100190023,1.055195924,0.381937552,0
