chr,start,end,id
chr1,4879601,4879800,1
chr1,14839401,14839800,4
chr1,14865201,14865400,5
chr1,16102801,16103000,6
chr1,16463001,16463200,7
chr1,23846201,23846400,8
chr1,24611601,24611800,10
chr1,24614601,24614800,11
chr1,30943001,30943200,12
chr1,34198601,34198800,14
chr1,34201001,34201400,16
chr1,34225601,34226000,18
chr1,34227801,34229200,20
chr1,34252801,34253000,22
chr1,34294401,34294600,24
chr1,34307401,34307800,26
chr1,34813201,34814200,28
chr1,34814401,34814800,31
chr1,34815001,34815200,33
chr1,34815601,34815800,35
chr1,34816001,34816200,37
chr1,34816401,34817400,39
chr1,34818001,34818200,41
chr1,36692401,36692600,43
chr1,38797801,38798200,44
chr1,38800601,38800800,46
chr1,39973801,39974000,48
chr1,39985201,39985400,49
chr1,39986601,39986800,51
chr1,39990201,39990400,53
chr1,40004801,40005000,55
chr1,40006601,40006800,57
chr1,40010601,40010800,59
chr1,40014601,40014800,61
chr1,40023401,40023600,63
chr1,40024601,40024800,65
chr1,40025001,40025400,67
chr1,40025601,40025800,69
chr1,42696601,42696800,71
chr1,42698001,42699200,73
chr1,45857001,45857400,75
chr1,52090801,52091000,77
chr1,54987001,54987200,80
chr1,54988001,54988200,81
chr1,54990201,54990600,82
chr1,54995401,54995600,83
chr1,54996801,54997200,84
chr1,54999601,54999800,85
chr1,55000001,55000400,86
chr1,55003201,55003400,87
chr1,55005801,55006000,88
chr1,55077801,55078200,89
chr1,55079001,55079200,91
chr1,55082001,55082200,93
chr1,55083001,55083200,95
chr1,55090601,55090800,97
chr1,56796401,56797200,99
chr1,56871401,56871800,101
chr1,58403601,58403800,103
chr1,58404201,58404400,104
chr1,58405001,58405400,105
chr1,59981401,59982000,106
chr1,63178401,63178600,108
chr1,63178801,63179000,110
chr1,65159401,65159600,113
chr1,66251601,66251800,114
chr1,66412801,66414000,116
chr1,66414801,66415000,118
chr1,66433401,66433600,120
chr1,66438201,66438400,122
chr1,66440001,66440200,124
chr1,66440601,66440800,126
chr1,66441201,66441400,128
chr1,66442201,66442600,130
chr1,72712001,72712200,133
chr1,72849601,72849800,134
chr1,72852001,72852400,136
chr1,72858801,72859200,138
chr1,72860201,72860600,139
chr1,72861801,72862200,140
chr1,74248001,74248200,141
chr1,74254801,74255000,142
chr1,74262401,74262600,143
chr1,74855201,74855600,145
chr1,74856201,74856400,147
chr1,80266801,80267000,149
chr1,80276401,80276600,151
chr1,80282601,80282800,153
chr1,80283601,80283800,155
chr1,80287001,80287200,157
chr1,80322801,80323000,159
chr1,80340201,80340400,161
chr1,84793601,84794200,162
chr1,85907601,85907800,164
chr1,86356401,86356800,165
chr1,86908601,86909000,167
chr1,89630401,89630600,169
chr1,89665001,89665200,171
chr1,89834401,89834600,173
chr1,89889201,89889800,175
chr1,89894401,89895200,177
chr1,92439601,92439800,179
chr1,92637201,92637400,181
chr1,93015801,93016000,182
chr1,93018401,93018600,184
chr1,93039801,93040000,186
chr1,93042401,93042600,188
chr1,93075001,93075200,190
chr1,93076001,93076200,191
chr1,93078801,93079000,192
chr1,93082201,93082400,193
chr1,93625401,93625600,194
chr1,99790401,99790600,196
chr1,118300801,118301000,198
chr1,118419601,118419800,199
chr1,118607001,118607800,200
chr1,118608801,118609400,202
chr1,120113201,120113400,204
chr1,125393201,125393400,205
chr1,125397001,125397200,206
chr1,125397401,125397600,207
chr1,125405801,125406000,208
chr1,125407201,125407400,209
chr1,125435201,125435400,210
chr1,131928001,131928200,211
chr1,131929601,131929800,213
chr1,131931001,131931400,215
chr1,134518601,134518800,217
chr1,134631401,134631600,218
chr1,134631801,134632000,220
chr1,135147001,135147200,222
chr1,135154601,135154800,223
chr1,135438201,135438600,225
chr1,135440201,135440400,227
chr1,135441201,135441800,229
chr1,135454401,135454600,231
chr1,135458601,135458800,233
chr1,135467601,135467800,235
chr1,135532401,135532800,237
chr1,135584601,135585000,239
chr1,136145001,136145400,241
chr1,136147401,136147800,242
chr1,136148601,136148800,243
chr1,136151001,136151400,244
chr1,136152001,136152200,245
chr1,136156201,136156400,246
chr1,136157401,136157600,247
chr1,136159201,136159600,248
chr1,136160201,136160400,249
chr1,136163001,136163200,250
chr1,136171201,136171400,251
chr1,136171601,136171800,252
chr1,136174001,136174200,253
chr1,136280401,136281200,255
chr1,136281401,136282400,257
chr1,151360001,151360200,259
chr1,153115601,153115800,261
chr1,153117601,153118000,263
chr1,153118601,153118800,265
chr1,153455801,153456000,267
chr1,153458001,153458400,269
chr1,153459401,153459800,271
chr1,153460201,153460400,273
chr1,153461001,153461200,275
chr1,153462601,153462800,277
chr1,153467001,153467200,279
chr1,153482801,153483000,280
chr1,153903001,153903200,281
chr1,153904601,153904800,283
chr1,153906401,153906600,285
chr1,153908801,153909000,287
chr1,153909401,153909600,289
chr1,155276601,155276800,291
chr1,155279801,155280000,293
chr1,155280801,155281000,295
chr1,156366201,156366400,297
chr1,156524801,156525400,299
chr1,162678001,162678200,300
chr1,162692401,162692600,302
chr1,162697601,162698200,304
chr1,162704401,162704800,306
chr1,162705201,162705800,308
chr1,162706001,162706400,310
chr1,162710601,162710800,312
chr1,163797201,163797400,313
chr1,163815801,163816000,314
chr1,163862001,163862200,315
chr1,163888201,163888400,317
chr1,163916601,163917000,319
chr1,164438001,164438600,321
chr1,164453401,164453600,323
chr1,167340201,167340400,324
chr1,168154201,168154400,325
chr1,168155401,168156200,327
chr1,168156401,168156600,329
chr1,168157401,168158000,331
chr1,168158201,168158400,333
chr1,168158601,168158800,335
chr1,168191201,168191400,337
chr1,168209401,168209600,339
chr1,168431401,168431800,341
chr1,170314601,170314800,342
chr1,171129201,171129400,344
chr1,171129601,171129800,346
chr1,171357801,171358000,348
chr1,171416801,171417000,350
chr1,172122001,172122200,352
chr1,172196801,172197400,354
chr1,172199001,172199400,356
chr1,172286201,172286400,357
chr1,172291201,172291400,359
chr1,173335801,173336200,361
chr1,173337001,173337200,363
chr1,176734401,176734600,365
chr1,176735001,176735600,367
chr1,176739001,176739200,369
chr1,176742401,176742600,371
chr1,176749801,176750200,373
chr1,176769201,176769800,375
chr1,176774801,176775000,377
chr1,177449801,177450400,379
chr1,178300201,178300400,381
chr1,178328801,178329200,382
chr1,179925001,179925200,383
chr1,181905601,181905800,384
chr1,183205001,183205200,386
chr1,184905401,184905600,388
chr1,191389201,191389400,390
chr2,4594601,4594800,391
chr2,4603401,4603600,393
chr2,4611001,4611600,395
chr2,4611801,4612200,397
chr2,4612601,4612800,399
chr2,4613001,4613200,401
chr2,6545401,6545800,403
chr2,6546801,6547200,405
chr2,6549801,6550000,407
chr2,6553801,6554000,409
chr2,6604001,6604200,411
chr2,6615601,6615800,413
chr2,10056001,10056200,415
chr2,10064001,10064200,417
chr2,13578401,13578600,419
chr2,13579401,13579600,420
chr2,13582401,13582600,421
chr2,25407801,25408000,422
chr2,25466601,25466800,423
chr2,25467801,25468200,424
chr2,25469001,25469200,425
chr2,25929601,25930000,426
chr2,25935801,25936000,427
chr2,25938001,25938600,428
chr2,25938801,25939600,429
chr2,25939801,25940200,430
chr2,26912401,26912600,431
chr2,27452801,27453000,433
chr2,28214601,28214800,435
chr2,28229401,28229800,436
chr2,29978401,29978600,437
chr2,29983201,29983400,438
chr2,29983601,29983800,440
chr2,29986201,29986600,442
chr2,29986801,29987000,444
chr2,29992601,29992800,446
chr2,29994201,29994400,448
chr2,29995401,29995600,450
chr2,29996401,29996600,452
chr2,30007801,30008000,454
chr2,30013601,30013800,456
chr2,30021201,30021400,458
chr2,30022401,30022600,460
chr2,30026001,30026200,462
chr2,30030401,30030600,464
chr2,30031401,30031600,466
chr2,30066601,30067000,468
chr2,30068801,30069000,469
chr2,30069201,30069400,471
chr2,30071201,30071400,473
chr2,30072001,30072200,475
chr2,30072401,30072600,477
chr2,30447601,30447800,479
chr2,31292401,31292600,481
chr2,32185401,32185600,483
chr2,32187401,32187600,485
chr2,32212201,32212400,487
chr2,32220001,32220200,489
chr2,32222201,32222400,491
chr2,32223401,32223600,493
chr2,32231001,32231400,495
chr2,32232001,32232200,497
chr2,32233001,32233400,499
chr2,32233601,32233800,501
chr2,32279001,32279200,503
chr2,32281601,32281800,505
chr2,32308801,32309200,507
chr2,32788201,32788800,509
chr2,32789001,32789200,511
chr2,32796001,32796200,513
chr2,32808001,32808200,515
chr2,32812001,32812200,517
chr2,32814801,32815000,519
chr2,32819801,32820000,521
chr2,32963601,32963800,523
chr2,32964001,32964200,525
chr2,33731001,33731400,527
chr2,33732801,33733200,529
chr2,34772601,34772800,531
chr2,34774201,34774400,532
chr2,34775601,34776200,533
chr2,35182001,35182400,534
chr2,38588001,38588200,535
chr2,39001601,39001800,538
chr2,41987401,41987600,541
chr2,44997801,44998000,543
chr2,45001601,45001800,545
chr2,45022801,45023000,547
chr2,49308201,49308800,549
chr2,49309001,49309200,551
chr2,49309801,49310000,553
chr2,49619601,49619800,555
chr2,49698001,49698200,556
chr2,49700401,49700600,558
chr2,49744401,49744600,560
chr2,49758801,49759000,562
chr2,49771401,49772200,564
chr2,49773201,49773800,566
chr2,69870401,69870600,568
chr2,71214401,71214600,570
chr2,75665201,75665400,571
chr2,75666401,75666600,572
chr2,78870401,78870600,573
chr2,78920001,78920200,574
chr2,83664001,83664200,575
chr2,92389001,92389200,576
chr2,103766001,103766600,578
chr2,103773001,103773200,580
chr2,103775401,103775600,582
chr2,103776001,103776200,584
chr2,103779001,103779200,586
chr2,109897201,109897400,588
chr2,115863801,115864000,589
chr2,115864201,115864400,590
chr2,116063201,116063400,591
chr2,116065401,116065600,592
chr2,121429401,121429600,593
chr2,121434801,121435000,595
chr2,121450801,121451000,597
chr2,130279201,130279400,600
chr2,143938401,143938600,603
chr2,148872801,148873000,604
chr2,150831001,150831200,605
chr2,151511001,151511200,606
chr2,151557401,151557600,607
chr2,151560601,151561000,608
chr2,151561201,151561600,610
chr2,153766801,153767000,612
chr2,153767201,153767400,614
chr2,154657201,154657400,616
chr2,154861801,154862000,617
chr2,154867001,154867200,620
chr2,156145601,156145800,623
chr2,156388401,156389000,625
chr2,156389201,156389400,627
chr2,156392001,156392200,629
chr2,156524801,156525000,630
chr2,156746001,156746200,632
chr2,157010401,157011000,634
chr2,157012201,157012600,635
chr2,157013601,157013800,636
chr2,157014401,157015200,637
chr2,157016001,157016600,638
chr2,157016801,157017000,640
chr2,157017401,157018400,642
chr2,157020401,157021400,644
chr2,157040801,157041000,646
chr2,157060201,157060400,648
chr2,158385401,158385600,649
chr2,158386001,158386200,651
chr2,160721401,160721600,653
chr2,162934601,162934800,655
chr2,164016001,164016200,656
chr2,164017201,164017400,658
chr2,164018201,164018400,660
chr2,166950801,166951000,662
chr2,168182001,168182400,664
chr2,168182601,168183000,667
chr2,168184201,168184400,670
chr2,168184601,168185000,673
chr2,168634601,168634800,676
chr2,168706201,168706400,678
chr2,180033601,180034000,679
chr2,180034201,180034600,681
chr2,181148601,181148800,683
chr2,181155201,181155400,684
chr2,181308801,181309200,685
chr3,7442601,7442800,686
chr3,8545401,8545600,688
chr3,55247401,55247600,690
chr3,55380801,55381000,691
chr3,55489801,55490000,693
chr3,55500001,55500200,695
chr3,55534001,55534400,697
chr3,55535001,55535200,699
chr3,55535801,55536200,701
chr3,55536401,55536600,703
chr3,55538001,55538200,705
chr3,57842001,57842200,707
chr3,57842401,57843400,708
chr3,69085201,69085400,709
chr3,84164001,84164200,711
chr3,84165001,84165200,713
chr3,84167601,84167800,715
chr3,84178001,84178200,717
chr3,84208201,84208400,719
chr3,86137801,86138000,721
chr3,86906001,86906200,723
chr3,87915001,87915200,724
chr3,87915801,87916000,726
chr3,88321001,88321200,728
chr3,88536401,88536600,730
chr3,88541201,88541400,732
chr3,88747801,88748000,734
chr3,88761801,88762400,736
chr3,89093601,89093800,737
chr3,89094201,89094400,740
chr3,90099801,90100000,743
chr3,90100201,90100400,745
chr3,90100801,90101000,747
chr3,90484401,90484600,749
chr3,90487601,90488000,751
chr3,90499801,90500000,753
chr3,92689801,92690000,755
chr3,92690201,92690400,756
chr3,94886401,94886600,757
chr3,95219601,95219800,758
chr3,95622601,95622800,761
chr3,96220601,96220800,762
chr3,96247201,96247400,764
chr3,96263001,96263200,766
chr3,97710201,97710400,767
chr3,97742401,97742600,769
chr3,97753001,97753200,771
chr3,103047001,103047200,773
chr3,103054601,103054800,775
chr3,103056801,103057200,777
chr3,104752401,104752600,779
chr3,105942801,105943000,780
chr3,108426801,108427000,782
chr3,116561001,116561200,784
chr3,119720201,119720400,785
chr3,119720801,119721000,787
chr3,119751801,119752000,789
chr3,119753001,119753200,791
chr3,121451801,121452000,793
chr3,121457001,121457200,795
chr3,121457601,121457800,797
chr3,122539201,122539400,799
chr3,122546801,122547200,801
chr3,122557801,122558000,803
chr3,122563801,122564000,805
chr3,122590001,122590200,807
chr3,126921601,126921800,809
chr3,126922401,126922800,811
chr3,126929801,126930000,813
chr3,126953201,126953400,815
chr3,126964801,126965000,817
chr3,126976801,126977000,819
chr3,126988001,126988200,821
chr3,127002601,127002800,823
chr3,127003801,127004000,825
chr3,127029201,127029600,827
chr3,127032001,127032200,829
chr3,127046601,127046800,831
chr3,127052601,127052800,833
chr3,127057001,127057200,835
chr3,127077401,127077600,837
chr3,130726801,130727000,839
chr3,136935001,136935200,840
chr3,137865401,137865600,842
chr3,137866001,137866200,843
chr3,144193801,144194000,845
chr3,146729801,146730000,847
chr3,146732201,146732400,849
chr3,146755601,146755800,851
chr3,152222001,152222200,853
chr3,158012001,158012200,854
chr4,134472801,134473000,859
chr5,33027121,33027330,861
chr5,37288861,37289070,862
chr5,38138101,38138520,864
chr5,38138731,38138940,866
chr5,65388541,65388750,868
chr5,66683611,66683820,869
chr5,115298401,115298820,871
chr5,115560901,115561110,872
chr5,117282691,117283320,873
chr5,135910111,135910320,874
chr6,4755386,4755590,876
chr6,4757436,4757640,877
chr6,4906471,4906880,878
chr6,5100401,5100605,879
chr6,5159646,5159850,881
chr6,5160261,5160465,883
chr6,6558361,6558565,885
chr6,6560411,6560615,886
chr6,11905171,11905375,887
chr6,17656241,17656445,888
chr6,22959591,22959795,889
chr6,22999976,23000180,890
chr6,28424276,28424480,891
chr6,28425711,28425915,893
chr6,28426531,28426735,896
chr6,29470186,29470595,899
chr6,30213311,30214130,901
chr6,30439631,30439835,903
chr6,30451931,30452135,905
chr6,30745081,30745285,907
chr6,30746926,30747130,909
chr6,30747541,30747745,911
chr6,30747951,30748360,914
chr6,30749386,30751435,917
chr6,30751641,30751845,919
chr6,30806581,30807195,921
chr6,30807401,30808220,923
chr6,35512151,35512355,925
chr6,36741126,36741330,927
chr6,38603346,38603550,929
chr6,39397721,39398130,931
chr6,39398336,39399155,933
chr6,39400386,39400590,935
chr6,39401206,39401410,937
chr6,39405716,39405920,939
chr6,42669111,42669315,941
chr6,42669521,42669930,943
chr6,47525766,47525970,945
chr6,49244486,49244690,947
chr6,49246741,49246945,949
chr6,49250841,49251045,951
chr6,50565301,50565505,953
chr6,51475296,51475500,954
chr6,51481651,51481855,955
chr6,51482676,51483085,956
chr6,52739531,52739735,957
chr6,54505811,54506220,959
chr6,54506631,54507655,961
chr6,54507861,54508475,963
chr6,54508886,54509090,965
chr6,54511961,54512165,967
chr6,54534306,54534510,969
chr6,54699331,54699535,970
chr6,54700356,54700560,972
chr6,54701176,54701380,974
chr6,54703226,54703635,976
chr6,55069356,55069560,978
chr6,55077556,55077760,979
chr6,55079196,55079605,980
chr6,55678411,55678615,981
chr6,57753421,57753625,982
chr6,58017871,58018075,984
chr6,58906751,58906955,985
chr6,60731866,60732070,987
chr6,71124956,71125160,989
chr6,71795101,71795305,990
chr6,71808631,71810065,992
chr6,71810271,71810475,994
chr6,76881561,76881765,996
chr6,76954746,76954950,998
chr6,76973606,76974015,1000
chr6,77114851,77115055,1002
chr6,77143756,77143960,1004
chr6,77636781,77636985,1006
chr6,77641291,77641495,1008
chr6,77845471,77845675,1010
chr6,83189411,83189820,1012
chr6,83190641,83190845,1014
chr6,83192691,83192895,1016
chr6,83194126,83195150,1018
chr6,83197816,83198020,1020
chr6,83199866,83200070,1022
chr6,83944631,83944835,1024
chr6,85459786,85459990,1026
chr6,85462041,85462245,1028
chr6,85464706,85464910,1030
chr6,85466551,85466755,1032
chr6,85466961,85467165,1034
chr6,85467576,85467780,1036
chr6,86086881,86087085,1038
chr6,86098566,86098770,1040
chr6,86104511,86104715,1042
chr6,86105946,86106150,1044
chr6,86107381,86107585,1046
chr6,86107791,86107995,1048
chr6,86109636,86109840,1050
chr6,86118656,86119475,1052
chr6,86119681,86120090,1054
chr6,86120501,86120705,1056
chr6,86120911,86121525,1058
chr6,86121731,86122755,1060
chr6,86123986,86124190,1062
chr6,86378801,86379005,1064
chr6,87843321,87843525,1066
chr6,87843731,87844140,1068
chr6,87845166,87845370,1070
chr6,87980466,87980670,1071
chr6,87980876,87981080,1073
chr6,88004041,88004245,1075
chr6,88004861,88005065,1078
chr6,88842491,88842900,1081
chr6,88843516,88843720,1083
chr6,88849256,88849460,1085
chr6,89316451,89316655,1087
chr6,89317271,89317475,1089
chr6,89318706,89318910,1091
chr6,89356426,89356630,1093
chr6,89356836,89357245,1094
chr6,93694021,93694225,1095
chr6,93697301,93697505,1097
chr6,93707961,93708165,1099
chr6,93745476,93745885,1101
chr6,93785451,93785655,1103
chr6,98929926,98930130,1105
chr6,99693961,99694165,1107
chr6,103641851,103642055,1108
chr6,103729181,103729385,1110
chr6,112718021,112718840,1112
chr6,112719046,112719455,1114
chr6,112720686,112720890,1116
chr6,112721916,112722120,1118
chr6,112722941,112723145,1120
chr6,112731346,112731550,1122
chr6,112738931,112739135,1124
chr6,112771321,112771525,1126
chr6,112780956,112781160,1128
chr6,112816626,112816830,1130
chr6,113151186,113151390,1132
chr6,113385501,113385705,1134
chr6,113389191,113389395,1136
chr6,113616126,113616740,1138
chr6,115622871,115623075,1140
chr6,116626346,116626550,1142
chr6,117917436,117917640,1145
chr6,117924611,117924815,1147
chr6,117925431,117925635,1149
chr6,119571171,119571375,1151
chr6,119571786,119572605,1153
chr6,119573631,119573835,1155
chr6,119574041,119574245,1157
chr6,119575066,119575475,1159
chr6,119594746,119594950,1161
chr6,119694581,119694785,1163
chr6,119743371,119743575,1165
chr6,119773711,119773915,1166
chr6,119796876,119797285,1167
chr6,119824346,119824550,1168
chr6,119824756,119825165,1169
chr6,120795226,120795430,1170
chr6,120931961,120932165,1172
chr6,120932576,120932985,1174
chr6,120933806,120934010,1176
chr6,120958406,120958610,1178
chr6,120959841,120960045,1180
chr6,120973371,120973575,1182
chr6,121021136,121021340,1184
chr6,121022366,121022570,1186
chr6,121034051,121034255,1188
chr6,122455931,122456340,1190
chr6,122463926,122464130,1192
chr6,124716671,124717080,1194
chr6,124743731,124743935,1197
chr6,124744961,124745165,1200
chr6,124746191,124746395,1203
chr6,124747216,124748035,1206
chr6,124749266,124749675,1209
chr6,124760336,124760540,1211
chr6,124760951,124761360,1213
chr6,124812816,124813020,1215
chr6,125097151,125097355,1216
chr6,125101251,125101660,1218
chr6,125102071,125102275,1220
chr6,125104941,125105145,1222
chr6,125106376,125106785,1224
chr6,125109246,125109450,1226
chr6,125110271,125110475,1228
chr6,125113961,125114575,1230
chr6,125120316,125120725,1232
chr6,125121956,125122160,1234
chr6,125123186,125123390,1236
chr6,125130156,125130360,1238
chr6,125186531,125186735,1240
chr6,127125626,127128700,1243
chr6,127128906,127129110,1245
chr6,127129316,127130135,1247
chr6,128430451,128430655,1249
chr6,128433116,128433320,1251
chr6,128434141,128434550,1252
chr6,128435781,128435985,1253
chr6,129533351,129533555,1254
chr6,129538476,129538680,1256
chr6,133761681,133762090,1258
chr6,134920751,134920955,1260
chr6,134921161,134921365,1261
chr6,135922996,135923200,1262
chr6,136171456,136171865,1264
chr6,136814336,136814540,1266
chr6,136817001,136817205,1268
chr6,137750571,137750775,1270
chr6,142490171,142490375,1272
chr6,142492426,142492630,1274
chr6,142495501,142495705,1275
chr6,142501241,142501445,1276
chr6,142771226,142771430,1277
chr6,142775326,142775735,1278
chr6,143180611,143180815,1279
chr6,144999986,145000190,1280
chr6,145266691,145266895,1282
chr7,3704666,3704880,1283
chr7,3706816,3707030,1284
chr7,4715381,4715595,1285
chr7,4793426,4793640,1287
chr7,4794501,4794715,1288
chr7,5075506,5075720,1290
chr7,13027711,13027925,1292
chr7,15917311,15917525,1294
chr7,15919891,15920105,1295
chr7,16561666,16561880,1296
chr7,16563601,16564030,1298
chr7,16564461,16564675,1300
chr7,16916201,16916415,1302
chr7,16945011,16945440,1303
chr7,16945871,16946085,1304
chr7,16946516,16946730,1305
chr7,19696796,19697010,1306
chr7,24981711,24981925,1307
chr7,24994396,24994610,1309
chr7,24997191,24997405,1311
chr7,25000631,25000845,1312
chr7,28814086,28814300,1313
chr7,28818601,28818815,1315
chr7,28822041,28822255,1317
chr7,30298876,30299090,1319
chr7,30303391,30303605,1320
chr7,30306831,30307475,1322
chr7,30307691,30308550,1324
chr7,30435186,30435400,1326
chr7,30440131,30440345,1328
chr7,30616861,30617075,1329
chr7,44461571,44461785,1331
chr7,44463076,44463290,1333
chr7,44862976,44863190,1335
chr7,45126136,45126350,1337
chr7,45377041,45377255,1340
chr7,45458956,45459170,1342
chr7,45720611,45720825,1344
chr7,59983281,59983495,1346
chr7,59985001,59985215,1349
chr7,81344176,81344390,1352
chr7,99478781,99478995,1353
chr7,103827586,103827800,1355
chr7,109520356,109520570,1356
chr7,111072011,111072225,1358
chr7,111073946,111074590,1360
chr7,111074806,111075020,1362
chr7,111077171,111077385,1364
chr7,118108961,118109175,1366
chr7,126272726,126272940,1367
chr7,126289926,126290140,1368
chr7,126291001,126291215,1370
chr7,126293151,126293365,1372
chr7,126294226,126294440,1374
chr7,126294871,126295085,1376
chr7,126796681,126796895,1378
chr7,127979826,127980040,1380
chr7,141451081,141451295,1382
chr7,142650781,142650995,1384
chr7,144914516,144914730,1387
chr8,3803161,3803365,1388
chr8,8667196,8667400,1389
chr8,11781146,11781350,1391
chr8,11785656,11785860,1393
chr8,11810256,11810460,1395
chr8,11824606,11824810,1397
chr8,11825016,11825220,1399
chr8,11825836,11826040,1401
chr8,11826656,11827065,1403
chr8,13018936,13019755,1405
chr8,13174531,13174735,1407
chr8,22577061,22577470,1410
chr8,22580341,22580545,1411
chr8,22932121,22932325,1412
chr8,39063161,39063365,1415
chr8,41285976,41286180,1416
chr8,41288641,41288845,1417
chr8,41293561,41293765,1418
chr8,41328821,41329025,1419
chr8,46207001,46207205,1421
chr8,46230371,46230575,1422
chr8,46639141,46639345,1423
chr8,47180751,47180955,1424
chr8,47191821,47192640,1426
chr8,47193256,47193460,1428
chr8,47193871,47194075,1430
chr8,54954966,54955170,1432
chr8,55058696,55058900,1433
chr8,55059106,55059925,1435
chr8,57513981,57514185,1437
chr8,64619486,64619690,1438
chr8,69107551,69107755,1439
chr8,69112676,69112880,1441
chr8,69113291,69113700,1443
chr8,70093601,70093805,1445
chr8,70094421,70094625,1447
chr8,70095036,70095445,1449
chr8,70107541,70108155,1451
chr8,70110001,70110615,1453
chr8,70114921,70115330,1455
chr8,70534966,70535170,1456
chr8,70699171,70700605,1458
chr8,70757186,70757390,1460
chr8,70895766,70895970,1461
chr8,71474686,71475095,1463
chr8,78505776,78505980,1464
chr8,78506186,78506595,1465
chr8,83572146,83572350,1466
chr8,83918801,83919005,1468
chr8,83929871,83930280,1470
chr8,83930896,83931305,1472
chr8,83931921,83932125,1474
chr8,83932331,83932535,1476
chr8,83933356,83933560,1479
chr8,83934381,83934585,1482
chr8,83936021,83936225,1485
chr8,83938276,83938890,1488
chr8,83939096,83939300,1491
chr8,83939916,83940120,1494
chr8,83940531,83941350,1497
chr8,83941556,83941965,1500
chr8,83995266,83995880,1503
chr8,83996086,83996290,1505
chr8,84704976,84705385,1507
chr8,84705591,84705795,1509
chr8,84706001,84706205,1511
chr8,84707231,84708460,1513
chr8,84726501,84726705,1515
chr8,84727116,84727320,1517
chr8,84842941,84843145,1519
chr8,84844786,84844990,1521
chr8,84846221,84846425,1522
chr8,85029491,85029695,1523
chr8,85261141,85261345,1524
chr8,85546501,85546705,1526
chr8,93810871,93811075,1527
chr8,93811281,93811690,1529
chr8,93967696,93968105,1531
chr8,93968311,93968515,1533
chr8,94863751,94863955,1535
chr8,95714091,95714295,1537
chr8,95864766,95865175,1539
chr8,95866816,95867020,1541
chr8,105280621,105280825,1544
chr8,105281851,105282055,1546
chr8,105283286,105283490,1548
chr8,105285131,105285745,1550
chr8,105524366,105524980,1552
chr8,106885976,106886385,1554
chr8,107262766,107262970,1556
chr8,107580721,107581335,1557
chr8,110731981,110732185,1558
chr8,110737516,110737720,1559
chr8,110737926,110738130,1560
chr8,110738541,110739155,1561
chr8,110739566,110739770,1563
chr8,110740181,110741000,1565
chr8,110741206,110741410,1567
chr8,111040096,111040300,1569
chr8,111942506,111942710,1571
chr8,117257131,117257335,1572
chr8,117377056,117377260,1573
chr8,117411291,117411495,1575
chr8,117452086,117452290,1577
chr8,117453111,117453315,1579
chr8,117454956,117455160,1581
chr8,117459876,117460285,1583
chr8,117460491,117460900,1584
chr8,117461311,117461515,1585
chr8,119347926,119348130,1586
chr8,119348541,119348745,1587
chr8,119809586,119809995,1588
chr8,120672841,120673045,1589
chr8,120673866,120674070,1592
chr8,121595956,121596160,1595
chr8,121596571,121596775,1597
chr8,121596981,121597390,1599
chr8,121597801,121598005,1601
chr8,121598826,121599235,1603
chr8,121599646,121600055,1606
chr8,121600466,121600670,1609
chr8,121601081,121601285,1612
chr8,121601491,121601695,1615
chr8,121602106,121602310,1618
chr8,122883356,122883765,1621
chr8,122889711,122889915,1623
chr8,122890326,122890530,1626
chr8,122890941,122892580,1629
chr8,122892786,122893400,1632
chr8,122894221,122895450,1635
chr8,123102706,123102910,1638
chr8,123103731,123104140,1641
chr8,123381506,123381710,1644
chr8,123395446,123395650,1646
chr8,124793546,124794980,1649
chr8,124820196,124820400,1650
chr8,124823066,124823270,1652
chr8,124829831,124830240,1654
chr8,124830446,124831060,1656
chr8,124832291,124832905,1658
chr8,124834136,124834340,1660
chr8,125032781,125032985,1662
chr8,126591601,126591805,1664
chr10,20325201,20325600,1665
chr10,20959801,20960000,1666
chr10,23785201,23785400,1667
chr10,23785601,23785800,1669
chr10,29147401,29147600,1671
chr10,29150201,29150400,1673
chr10,29196201,29197200,1675
chr10,29199001,29199200,1677
chr10,34297601,34298200,1679
chr10,34298401,34299000,1682
chr10,34299201,34299400,1685
chr10,34299801,34300400,1688
chr10,37133401,37133800,1691
chr10,39564001,39564400,1693
chr10,43583801,43584200,1696
chr10,57788401,57788600,1697
chr10,60131601,60132000,1698
chr10,60132601,60132800,1700
chr10,60294601,60294800,1702
chr10,60299801,60300000,1703
chr10,60301801,60302200,1704
chr10,61739201,61739400,1705
chr10,61747601,61747800,1707
chr10,61751601,61751800,1709
chr10,69882401,69882600,1711
chr10,69956001,69956200,1713
chr10,69973601,69973800,1715
chr10,69977601,69977800,1717
chr10,69978401,69978600,1719
chr10,69980201,69980400,1721
chr10,69986001,69986200,1723
chr10,69988401,69988600,1725
chr10,69988801,69989000,1727
chr10,69990201,69990600,1729
chr10,69991401,69991600,1731
chr10,69992601,69993600,1733
chr10,69998001,69998200,1735
chr10,70024201,70024400,1737
chr10,72657201,72657400,1739
chr10,72674001,72674200,1740
chr10,72674601,72674800,1741
chr10,75061801,75062000,1742
chr10,76207601,76207800,1743
chr10,76222401,76222600,1745
chr10,78400401,78401000,1747
chr10,78405001,78405200,1749
chr10,79710601,79710800,1751
chr10,79711401,79711600,1753
chr10,79711801,79712000,1755
chr10,79809401,79809600,1757
chr10,79819401,79819600,1759
chr10,79820001,79821000,1761
chr10,79910801,79911000,1763
chr10,80130601,80130800,1765
chr10,80143801,80144000,1768
chr10,80145601,80145800,1770
chr10,80156601,80156800,1772
chr10,80157001,80157600,1773
chr10,80157801,80158000,1775
chr10,80158201,80158400,1777
chr10,80304601,80304800,1779
chr10,80309001,80309200,1780
chr10,80311001,80311200,1782
chr10,80311401,80311800,1784
chr10,80313001,80313200,1786
chr10,80314201,80314400,1788
chr10,80314801,80315200,1790
chr10,80316001,80316200,1792
chr10,80316801,80317000,1794
chr10,80828401,80828600,1796
chr10,81565401,81566000,1798
chr10,91119601,91119800,1799
chr10,95541201,95541400,1801
chr10,112925601,112925800,1803
chr10,112926401,112926600,1805
chr10,112927001,112928000,1807
chr10,117051001,117051200,1809
chr10,117060601,117060800,1811
chr10,117360801,117361200,1812
chr10,127064201,127064400,1813
chr10,127064801,127065000,1814
chr10,127067001,127067200,1815
chr10,127080201,127080400,1817
chr10,127087401,127087600,1818
chr10,127087801,127088000,1819
chr10,127088201,127088400,1820
chr10,127091601,127092000,1821
chr10,127093001,127093200,1822
chr10,127281401,127281600,1823
chr10,128048001,128048200,1825
chr10,128083801,128084200,1827
chr10,128353001,128353200,1829
chr10,128361001,128361200,1831
chr10,128463801,128464000,1833
chr10,128469001,128469400,1834
chr10,128474601,128474800,1835
chr10,128482601,128483000,1836
chr10,128484001,128484400,1838
chr10,128489001,128489200,1840
chr10,128489601,128490200,1842
chr10,128492601,128492800,1844
chr10,128624601,128624800,1845
chr11,5070266,5070470,1846
chr11,21557391,21557595,1848
chr11,29463626,29464035,1850
chr11,29706961,29707370,1852
chr11,30099946,30100355,1853
chr11,30100561,30100765,1855
chr11,30109786,30109990,1857
chr11,30114706,30114910,1859
chr11,30120446,30120855,1861
chr11,30136846,30137050,1863
chr11,30137461,30137665,1865
chr11,30138281,30138485,1867
chr11,30138896,30139100,1869
chr11,30142996,30143200,1871
chr11,32001731,32001935,1873
chr11,48802301,48802505,1874
chr11,48804146,48804350,1876
chr11,50382441,50382645,1878
chr11,50385721,50386130,1879
chr11,52117971,52118175,1880
chr11,52120841,52121045,1883
chr11,52121866,52122480,1886
chr11,52243636,52243840,1889
chr11,52246096,52246300,1892
chr11,54870301,54870505,1895
chr11,58932376,58932580,1896
chr11,58948981,58949185,1897
chr11,58954926,58955335,1898
chr11,59211381,59211585,1901
chr11,59211996,59212200,1903
chr11,59741101,59741305,1905
chr11,59752581,59752990,1907
chr11,59775541,59775745,1909
chr11,61151911,61152320,1911
chr11,61152526,61152730,1913
chr11,61153141,61153345,1915
chr11,61153551,61153755,1916
chr11,61153961,61154165,1917
chr11,61155191,61155395,1918
chr11,68802101,68802305,1919
chr11,69343301,69343505,1921
chr11,69343711,69344120,1923
chr11,69344326,69344530,1925
chr11,69353141,69353345,1927
chr11,69359086,69359290,1929
chr11,69364006,69364210,1931
chr11,69667611,69667815,1932
chr11,69668431,69668635,1934
chr11,69669046,69669250,1936
chr11,69916686,69916890,1938
chr11,69917301,69917505,1940
chr11,69994586,69994790,1942
chr11,70039071,70039275,1944
chr11,70044606,70045220,1946
chr11,70652841,70653045,1948
chr11,71032091,71032295,1949
chr11,78180851,78181260,1950
chr11,80478901,80479105,1953
chr11,80479516,80479720,1954
chr11,80479926,80480130,1955
chr11,80480336,80481155,1956
chr11,87980056,87980260,1957
chr11,87980466,87980670,1958
chr11,87981081,87981490,1959
chr11,93959291,93959495,1960
chr11,98762851,98763055,1963
chr11,104282271,104282475,1965
chr11,106057981,106058185,1967
chr11,106780811,106781015,1969
chr11,106781631,106781835,1971
chr11,106784296,106784500,1973
chr11,106786141,106786345,1975
chr11,109660036,109660240,1976
chr11,109662906,109663110,1977
chr11,109665776,109665980,1978
chr11,109667416,109667825,1979
chr11,109668646,109668850,1980
chr11,115415616,115415820,1981
chr11,115497206,115497410,1982
chr11,115497821,115498025,1984
chr11,115501921,115502125,1986
chr11,116022621,116022825,1988
chr11,120809371,120809575,1989
chr11,120809781,120810190,1991
chr11,120813676,120813880,1993
chr11,120817981,120818185,1994
chr11,120822081,120822285,1995
chr12,27340691,27341120,1996
chr12,27341766,27341980,1997
chr12,72211836,72212050,1998
chr12,72212266,72212480,2000
chr12,100206126,100206340,2002
chr12,100206556,100206770,2004
chr12,110691031,110691245,2006
chr12,110692106,110692320,2008
chr12,110692536,110692750,2010
chr12,111671431,111671645,2012
chr13,21809601,21809800,2013
chr13,21812001,21812200,2014
chr13,23531401,23531600,2015
chr13,23555401,23555800,2016
chr13,23562001,23562200,2017
chr13,23585601,23585800,2018
chr13,23621801,23622200,2020
chr13,23684401,23684600,2021
chr13,23739001,23739200,2022
chr13,23747001,23747200,2023
chr13,28950201,28950400,2024
chr13,28951401,28952600,2026
chr13,28953201,28953600,2028
chr13,34076401,34076600,2029
chr13,51202801,51203000,2030
chr13,55473801,55474000,2032
chr13,55474201,55474600,2034
chr13,55474801,55475200,2036
chr13,55481401,55481800,2038
chr13,58127001,58127200,2040
chr13,58127601,58127800,2041
chr13,58394401,58394600,2042
chr13,90924201,90924400,2044
chr13,97241401,97241600,2045
chr13,97245201,97245600,2046
chr13,97245801,97246000,2047
chr13,97246401,97246800,2048
chr13,97251001,97251400,2049
chr13,97252001,97253000,2050
chr13,99434001,99434200,2051
chr13,99435401,99435600,2053
chr13,99441601,99441800,2055
chr13,119707201,119707600,2057
chr14,16407176,16407380,2059
chr14,16420296,16420500,2061
chr14,19891151,19891355,2063
chr14,20501436,20501640,2065
chr14,25653291,25653495,2067
chr14,25656776,25656980,2069
chr14,25661286,25661490,2071
chr14,25663746,25664770,2073
chr14,25665181,25665385,2075
chr14,25666001,25666410,2077
chr14,26655946,26656150,2079
chr14,30565501,30565705,2081
chr14,30573291,30573495,2083
chr14,31171276,31171480,2085
chr14,31177016,31177425,2089
chr14,31187061,31187265,2091
chr14,31374431,31374635,2093
chr14,31374841,31375250,2095
chr14,52075126,52075330,2097
chr14,54614051,54614460,2099
chr14,54897976,54898180,2101
chr14,54898591,54898795,2103
chr14,54906791,54906995,2104
chr14,55107896,55108305,2105
chr14,55109331,55109740,2107
chr14,55113636,55114045,2109
chr14,55662216,55662625,2110
chr14,63146356,63146765,2112
chr14,66297206,66297615,2114
chr14,66303971,66304175,2116
chr14,66309096,66310120,2118
chr14,66361371,66361780,2120
chr14,68084601,68085010,2123
chr14,73368271,73368475,2126
chr14,76507026,76507230,2129
chr15,36772341,36772780,2131
chr15,36775421,36775640,2132
chr15,98950281,98950500,2133
chr15,98951601,98951820,2135
chr15,103241381,103241600,2137
chr15,103244241,103244460,2138
chr16,17222361,17222575,2139
chr16,42248576,42248790,2140
chr16,42291791,42292005,2142
chr16,42292221,42292435,2144
chr17,35836001,35836200,2146
chr17,35836601,35836800,2147
chr17,35838001,35838200,2148
chr17,45570201,45570600,2158
chr18,33437601,33437800,2159
chr18,33438001,33438200,2160
chr18,43321601,43321800,2161
chr18,43323801,43324000,2163
chr18,75003201,75003400,2164
chr19,5493201,5493400,2166
chr19,5798201,5798400,2168
chr19,6531801,6532400,2170
chr19,8969801,8970000,2173
chr19,41918001,41918200,2174
chr19,44294201,44294400,2175
chr19,44298001,44298200,2176
chr19,44304601,44305000,2179
chr19,47015001,47015200,2183
chr19,47015401,47015600,2185
chr19,47021801,47022000,2187
chr19,47023801,47024200,2189
chr19,47024801,47025200,2191
chrX,7652601,7652800,2193
chrX,7653001,7653200,2195
chrX,7752601,7752800,2197
chrX,20668401,20668600,2198
chrX,20669001,20669400,2199
chrX,20670201,20670400,2200
chrX,20671601,20672200,2201
chrX,20675801,20676200,2202
chrX,20679601,20679800,2204
chrX,20681401,20681600,2206
chrX,20681801,20682200,2208
chrX,20860801,20861400,2210
chrX,36197601,36198000,2212
chrX,36198801,36199000,2213
chrX,36604801,36605000,2214
chrX,36798601,36798800,2215
chrX,37082601,37082800,2216
chrX,53669401,53669600,2218
chrX,73794201,73794800,2219
chrX,73795001,73795200,2221
chrX,74273001,74273200,2223
chrX,74306801,74307000,2225
chrX,74307801,74308200,2226
chrX,74311601,74311800,2227
chrX,94535401,94535600,2230
chrX,94537201,94537400,2231
chrX,94538001,94538200,2232
chrX,94539201,94539400,2233
chrX,99466601,99467000,2234
chrX,99467401,99467800,2235
chrX,101442801,101443000,2236
chrX,101443201,101443600,2238
chrX,101444201,101444400,2240
chrX,101446001,101446200,2242
chrX,102187201,102187400,2244
chrX,104345401,104345800,2245
chrX,104347601,104347800,2247
chrX,104348001,104348400,2249
chrX,105121801,105122600,2251
chrX,135802801,135803000,2252
chrX,135803401,135803600,2254
chrX,136214001,136214600,2256
chrX,136271201,136271400,2258
chrX,136733001,136733200,2259
chrX,136734401,136734600,2261
chrX,136994601,136995000,2263
chrX,136995401,136995600,2265
chrX,143856401,143856800,2267
chrX,143857401,143857600,2269
chrX,143857801,143858200,2271
chrX,143858401,143858600,2273
chrX,143858801,143859000,2275
chrX,143859601,143860600,2277
chrX,143861201,143861400,2279
chrX,143863001,143863600,2281
chrX,143877201,143877400,2283
chrX,152029201,152029400,2285
chrX,152061801,152062000,2286
chrX,153498401,153499000,2288
chrX,153499201,153499600,2289
chrX,153500001,153500400,2290
